seed,case,series,x_value,num_goods,num_bidders,scenario,arm,efficiency,efficiency_pct,initial_efficiency,efficiency_gain_from_initial_pct,true_welfare,full_info_welfare,welfare_loss,revenue,full_info_revenue,revenue_difference,revenue_difference_pct,revenue_loss,revenue_absolute_percentage_error,payment_error_over_optimum_welfare,initial_revenue_loss,revenue_loss_improvement_from_initial,surplus,value_queries,demand_queries,nl_queries,person_queries,person_tokens_in,person_tokens_out,person_tokens_total,shared_proxy_tokens_in,shared_proxy_tokens_out,candidate_bundles_generated,candidate_bundles_sent_to_pv,candidate_bundles_truncated,pv_calibration_family,pv_calibration_scale,pv_calibration_size_gamma,pv_calibration_size_threshold,pv_calibration_budget_cap,pv_calibration_config_hash
0,anchor_8x8,anchor,8,8,8,pc_build_8x8_from_spec,proxy sealed,1.0,100.0,0.9618788291354663,3.8121170864533704,7345.0,7345.0,0.0,3929.59,5214.0,-1284.4099999999999,-24.63387034906022,0.2463387034906022,0.2463387034906022,0.17486861810755613,0.31219907940161096,0.06586037591100877,3415.41,16,0,0,16,7408,3229,10637,36900,7932,684,684,0,uniform,1.4758,1.0,3,True,b07d2ebfe7863cda0771ca454a5836212cfe20b06910092f003dc1509a98ca0e
1,anchor_8x8,anchor,8,8,8,pc_build_8x8_from_spec,proxy sealed,0.9962168978562421,99.62168978562421,0.9349306431273644,6.128625472887772,7900.0,7930.0,30.0,5813.754,7084.0,-1270.246,-17.93119706380576,0.17931197063805762,0.17931197063805762,0.21973543505674648,0.32084867306606424,0.14153670242800662,2086.246,21,0,0,21,7547,3945,11492,44525,9115,936,936,0,uniform,1.4758,1.0,3,True,b07d2ebfe7863cda0771ca454a5836212cfe20b06910092f003dc1509a98ca0e
2,anchor_8x8,anchor,8,8,8,pc_build_8x8_from_spec,proxy sealed,1.0,100.0,0.8740397350993377,12.596026490066226,7550.0,7550.0,0.0,5367.794,5738.0,-370.20600000000013,-6.451829905890556,0.06451829905890556,0.06451829905890556,0.04903390728476823,0.08437643778319989,0.01985813872429433,2182.206,58,0,0,58,7262,4811,12073,41423,8365,548,548,0,uniform,1.4758,1.0,3,True,b07d2ebfe7863cda0771ca454a5836212cfe20b06910092f003dc1509a98ca0e
3,anchor_8x8,anchor,8,8,8,pc_build_8x8_from_spec,proxy sealed,0.9866459627329193,98.66459627329192,0.7521739130434782,23.447204968944103,6354.0,6440.0,86.0,4064.804,5364.0,-1299.196,-24.220656226696494,0.24220656226696494,0.24220656226696494,0.4219745341614906,0.28741200596569716,0.04520544369873222,2289.196,19,0,0,19,7490,4057,11547,56621,11308,864,864,0,uniform,1.4758,1.0,3,True,b07d2ebfe7863cda0771ca454a5836212cfe20b06910092f003dc1509a98ca0e
4,anchor_8x8,anchor,8,8,8,pc_build_8x8_from_spec,proxy sealed,0.9712837837837838,97.12837837837837,0.883429054054054,8.785472972972974,11500.0,11840.0,340.0,9014.14,10430.0,-1415.8600000000006,-13.57488015340365,0.13574880153403648,0.13574880153403648,0.38786317567567563,0.19347459252157226,0.057725790987535774,2485.8600000000006,17,0,0,17,7097,3219,10316,50937,10471,756,756,0,uniform,1.4758,1.0,3,True,b07d2ebfe7863cda0771ca454a5836212cfe20b06910092f003dc1509a98ca0e
0,bidders_8x4,bidders,4,8,4,pc_build_8x4_from_spec,proxy sealed,1.0,100.0,1.0,0.0,7163.0,7163.0,0.0,3272.938,3848.0,-575.0619999999999,-14.944438669438666,0.14944438669438667,0.14944438669438667,0.08028228395923494,0.2713045738045738,0.12186018711018712,3890.062,14,0,0,14,3777,1435,5212,24772,5573,444,444,0,uniform,1.4758,1.0,3,True,b07d2ebfe7863cda0771ca454a5836212cfe20b06910092f003dc1509a98ca0e
1,bidders_8x4,bidders,4,8,4,pc_build_8x4_from_spec,proxy sealed,0.9305151915455746,93.05151915455745,0.9305151915455746,0.0,7044.0,7570.0,526.0,3900.5976,4900.5,-999.9024,-20.404089378634833,0.20404089378634832,0.20404089378634832,0.59520285336856,0.11159881644730117,-0.09244207733904715,3143.4024,10,0,0,10,3895,2314,6209,28011,5977,612,612,0,uniform,1.4758,1.0,3,True,b07d2ebfe7863cda0771ca454a5836212cfe20b06910092f003dc1509a98ca0e
2,bidders_8x4,bidders,4,8,4,pc_build_8x4_from_spec,proxy sealed,0.8445130131473034,84.45130131473034,0.8638314998658438,-1.9318486718540417,6295.0,7454.0,1159.0,4563.1179999999995,3660.0,903.1179999999995,24.675355191256816,-0.24675355191256818,0.24675355191256818,0.2572640193184867,-0.28628469945355184,-0.03953114754098366,1731.8820000000005,56,0,0,56,3666,2535,6201,24101,5051,348,348,0,uniform,1.4758,1.0,3,True,b07d2ebfe7863cda0771ca454a5836212cfe20b06910092f003dc1509a98ca0e
3,bidders_8x4,bidders,4,8,4,pc_build_8x4_from_spec,proxy sealed,0.8438871473354232,84.38871473354233,0.8297805642633229,1.4106583072100332,5384.0,6380.0,996.0,3165.464,4498.0,-1332.536,-29.625077812361052,0.2962507781236105,0.2962507781236105,0.3800357366771161,0.2289617607825698,-0.0672890173410407,2218.536,20,0,0,20,3799,2517,6316,29326,6187,428,428,0,uniform,1.4758,1.0,3,True,b07d2ebfe7863cda0771ca454a5836212cfe20b06910092f003dc1509a98ca0e
4,bidders_8x4,bidders,4,8,4,pc_build_8x4_from_spec,proxy sealed,0.922639405204461,92.2639405204461,0.6863197026022305,23.631970260223046,9927.6,10760.0,832.3999999999996,6689.19,5397.4,1291.79,23.93356060325342,-0.2393356060325342,0.2393356060325342,0.35566821561338297,-0.38081113128543365,-0.14147552525289944,3238.4100000000008,10,0,0,10,3595,2090,5685,33459,7061,556,556,0,uniform,1.4758,1.0,3,True,b07d2ebfe7863cda0771ca454a5836212cfe20b06910092f003dc1509a98ca0e
0,bidders_8x5,bidders,5,8,5,pc_build_8x5_from_spec,proxy sealed,1.0,100.0,1.0,0.0,7215.0,7215.0,0.0,3193.7960000000003,4056.0,-862.2039999999997,-21.25749506903352,0.21257495069033525,0.21257495069033525,0.11950159390159386,0.2504566074950691,0.03788165680473385,4021.2039999999997,16,0,0,16,4689,1769,6458,26556,5940,507,507,0,uniform,1.4758,1.0,3,True,b07d2ebfe7863cda0771ca454a5836212cfe20b06910092f003dc1509a98ca0e
1,bidders_8x5,bidders,5,8,5,pc_build_8x5_from_spec,proxy sealed,0.9305151915455746,93.05151915455745,0.9305151915455746,0.0,7044.0,7570.0,526.0,3743.282000000001,4980.5,-1237.217999999999,-24.841240839273144,0.24841240839273143,0.24841240839273143,0.5432287978863937,0.10808995080815154,-0.1403224575845799,3300.717999999999,12,0,0,12,4787,2641,7428,29824,6273,707,707,0,uniform,1.4758,1.0,3,True,b07d2ebfe7863cda0771ca454a5836212cfe20b06910092f003dc1509a98ca0e
2,bidders_8x5,bidders,5,8,5,pc_build_8x5_from_spec,proxy sealed,0.8445130131473034,84.45130131473034,0.8638314998658438,-1.9318486718540417,6295.0,7454.0,1159.0,4725.456,3715.0,1010.4560000000001,27.199353970390312,-0.2719935397039031,0.2719935397039031,0.28642125033539045,-0.33477469717362024,-0.06278115746971713,1569.5439999999999,55,0,0,55,4562,2845,7407,27451,5676,379,379,0,uniform,1.4758,1.0,3,True,b07d2ebfe7863cda0771ca454a5836212cfe20b06910092f003dc1509a98ca0e
3,bidders_8x5,bidders,5,8,5,pc_build_8x5_from_spec,proxy sealed,0.9858934169278997,98.58934169278997,0.9592476489028213,2.6645768025078342,6290.0,6380.0,90.0,3371.678,4498.0,-1126.3220000000001,-25.04050689195198,0.2504050689195198,0.2504050689195198,0.21258965517241382,0.2289617607825699,-0.02144330813694989,2918.322,14,0,0,14,4691,2617,7308,32456,6719,451,451,0,uniform,1.4758,1.0,3,True,b07d2ebfe7863cda0771ca454a5836212cfe20b06910092f003dc1509a98ca0e
4,bidders_8x5,bidders,5,8,5,pc_build_8x5_from_spec,proxy sealed,0.9144280442804428,91.44280442804428,0.6812546125461255,23.317343173431727,9912.4,10840.0,927.6000000000004,6951.083999999999,6029.799999999999,921.2839999999997,15.278848386347802,-0.15278848386347801,0.15278848386347801,0.46321808118081176,-0.2678105409798004,-0.11502205711632238,2961.3160000000007,12,0,0,12,4475,2190,6665,36771,7686,587,587,0,uniform,1.4758,1.0,3,True,b07d2ebfe7863cda0771ca454a5836212cfe20b06910092f003dc1509a98ca0e
0,bidders_8x6,bidders,6,8,6,pc_build_8x6_from_spec,proxy sealed,1.0,100.0,1.0,0.0,7215.0,7215.0,0.0,3205.01,4056.0,-850.9899999999998,-20.981015779092694,0.20981015779092696,0.20981015779092696,0.11794733194733192,0.20315532544378712,-0.006654832347139844,4009.99,21,0,0,21,5597,2405,8002,33352,7198,634,634,0,uniform,1.4758,1.0,3,True,b07d2ebfe7863cda0771ca454a5836212cfe20b06910092f003dc1509a98ca0e
1,bidders_8x6,bidders,6,8,6,pc_build_8x6_from_spec,proxy sealed,0.9305151915455746,93.05151915455745,0.9305151915455746,0.0,7044.0,7570.0,526.0,3743.282000000001,4980.5,-1237.217999999999,-24.841240839273144,0.24841240839273143,0.24841240839273143,0.5432287978863937,0.10808995080815154,-0.1403224575845799,3300.717999999999,12,0,0,12,5685,2921,8606,31628,6579,730,730,0,uniform,1.4758,1.0,3,True,b07d2ebfe7863cda0771ca454a5836212cfe20b06910092f003dc1509a98ca0e
2,bidders_8x6,bidders,6,8,6,pc_build_8x6_from_spec,proxy sealed,1.0,100.0,0.8568211920529801,14.317880794701987,7550.0,7550.0,0.0,4909.713999999999,4343.0,566.713999999999,13.048906285977413,-0.13048906285977413,0.13048906285977413,0.1833634437086092,-0.17234860695371867,-0.041859544093944545,2640.286000000001,49,0,0,49,5480,3952,9432,32370,6754,442,442,0,uniform,1.4758,1.0,3,True,b07d2ebfe7863cda0771ca454a5836212cfe20b06910092f003dc1509a98ca0e
3,bidders_8x6,bidders,6,8,6,pc_build_8x6_from_spec,proxy sealed,0.8438871473354232,84.38871473354233,0.8297805642633229,1.4106583072100332,5384.0,6380.0,996.0,3310.568000000001,4498.0,-1187.4319999999989,-26.399110715873697,0.26399110715873697,0.26399110715873697,0.4080614420062694,0.2092756780791458,-0.05471542907959118,2073.431999999999,15,0,0,15,5656,3201,8857,46075,9246,706,706,0,uniform,1.4758,1.0,3,True,b07d2ebfe7863cda0771ca454a5836212cfe20b06910092f003dc1509a98ca0e
4,bidders_8x6,bidders,6,8,6,pc_build_8x6_from_spec,proxy sealed,0.915830258302583,91.58302583025831,0.6812546125461255,23.45756457564575,9927.6,10840.0,912.3999999999996,6935.883999999998,6049.799999999999,886.0839999999989,14.646500710767283,-0.14646500710767282,0.14646500710767282,0.459970848708487,-0.26361929319977523,-0.1171542860921024,2991.716000000002,11,0,0,11,5356,2281,7637,39611,8125,598,598,0,uniform,1.4758,1.0,3,True,b07d2ebfe7863cda0771ca454a5836212cfe20b06910092f003dc1509a98ca0e
0,bidders_8x7,bidders,7,8,7,pc_build_8x7_from_spec,proxy sealed,1.0,100.0,1.0,0.0,7215.0,7215.0,0.0,3205.01,4056.0,-850.9899999999998,-20.981015779092694,0.20981015779092696,0.20981015779092696,0.11794733194733192,0.20315532544378712,-0.006654832347139844,4009.99,21,0,0,21,6457,2658,9115,35110,7513,649,649,0,uniform,1.4758,1.0,3,True,b07d2ebfe7863cda0771ca454a5836212cfe20b06910092f003dc1509a98ca0e
1,bidders_8x7,bidders,7,8,7,pc_build_8x7_from_spec,proxy sealed,0.9331571994715984,93.31571994715983,0.9173051519154557,1.5852047556142668,7064.0,7570.0,506.0,3972.8536000000004,4980.5,-1007.6463999999996,-20.231832145366923,0.20231832145366924,0.20231832145366924,0.6437386525759577,0.10808995080815136,-0.09422837064551788,3091.1463999999996,7,0,0,7,6580,3510,10090,35842,7400,793,793,0,uniform,1.4758,1.0,3,True,b07d2ebfe7863cda0771ca454a5836212cfe20b06910092f003dc1509a98ca0e
2,bidders_8x7,bidders,7,8,7,pc_build_8x7_from_spec,proxy sealed,0.8894039735099337,88.94039735099338,0.8475496688741722,4.185430463576156,6715.0,7550.0,835.0,5238.223999999999,4343.0,895.2239999999993,20.613032466037282,-0.20613032466037284,0.20613032466037284,0.4936127152317882,-0.1723486069537193,0.03378171770665353,1476.7760000000007,54,0,0,54,6372,4203,10575,35239,7262,453,453,0,uniform,1.4758,1.0,3,True,b07d2ebfe7863cda0771ca454a5836212cfe20b06910092f003dc1509a98ca0e
3,bidders_8x7,bidders,7,8,7,pc_build_8x7_from_spec,proxy sealed,1.0,100.0,0.8726708074534162,12.73291925465838,6440.0,6440.0,0.0,4314.914,5364.0,-1049.0860000000002,-19.55790454884415,0.19557904548844152,0.19557904548844152,0.1629015527950311,0.2874120059656973,0.09183296047725581,2125.0860000000002,17,0,0,17,6592,3559,10151,52369,10463,801,801,0,uniform,1.4758,1.0,3,True,b07d2ebfe7863cda0771ca454a5836212cfe20b06910092f003dc1509a98ca0e
4,bidders_8x7,bidders,7,8,7,pc_build_8x7_from_spec,proxy sealed,0.9144280442804428,91.44280442804428,0.6812546125461255,23.317343173431727,9912.4,10840.0,927.6000000000004,7269.608,6134.799999999999,1134.808000000001,18.497880941514,-0.18497880941514003,0.18497880941514003,0.4829158671586717,-0.24611136467366504,-0.06113255525852501,2642.7919999999995,12,0,0,12,6196,2855,9051,42896,8627,629,629,0,uniform,1.4758,1.0,3,True,b07d2ebfe7863cda0771ca454a5836212cfe20b06910092f003dc1509a98ca0e
0,bidders_8x9,bidders,9,8,9,pc_build_8x9_from_spec,proxy sealed,1.0,100.0,0.9618788291354663,3.8121170864533704,7345.0,7345.0,0.0,3934.4300000000003,5224.0,-1289.5699999999997,-24.6854900459418,0.24685490045941802,0.24685490045941802,0.17557113682777395,0.3135156967840734,0.06666079632465541,3410.5699999999997,15,0,0,15,8316,3481,11797,38683,8391,719,719,0,uniform,1.4758,1.0,3,True,b07d2ebfe7863cda0771ca454a5836212cfe20b06910092f003dc1509a98ca0e
1,bidders_8x9,bidders,9,8,9,pc_build_8x9_from_spec,proxy sealed,0.9962168978562421,99.62168978562421,0.9349306431273644,6.128625472887772,7900.0,7930.0,30.0,5858.027999999999,7084.0,-1225.9720000000007,-17.306211180124233,0.17306211180124234,0.17306211180124234,0.21415233291298866,0.32084867306606424,0.1477865612648219,2041.9720000000007,19,0,0,19,8445,4393,12838,46341,9434,999,999,0,uniform,1.4758,1.0,3,True,b07d2ebfe7863cda0771ca454a5836212cfe20b06910092f003dc1509a98ca0e
2,bidders_8x9,bidders,9,8,9,pc_build_8x9_from_spec,proxy sealed,0.8734272300469483,87.34272300469483,0.7770892018779343,9.633802816901404,9302.0,10650.0,1348.0,6560.246,6088.0,472.2460000000001,7.756997371879107,-0.07756997371879108,0.07756997371879108,0.5489432863849766,-0.22093101182654362,-0.14336103810775253,2741.754,65,0,0,65,8709,5394,14103,54747,11123,803,803,0,uniform,1.4758,1.0,3,True,b07d2ebfe7863cda0771ca454a5836212cfe20b06910092f003dc1509a98ca0e
3,bidders_8x9,bidders,9,8,9,pc_build_8x9_from_spec,proxy sealed,0.9866459627329193,98.66459627329192,0.7521739130434782,23.447204968944103,6354.0,6440.0,86.0,4064.804,5364.0,-1299.196,-24.220656226696494,0.24220656226696494,0.24220656226696494,0.4219745341614906,0.28741200596569716,0.04520544369873222,2289.196,20,0,0,20,8420,4344,12764,65248,12809,1007,1007,0,uniform,1.4758,1.0,3,True,b07d2ebfe7863cda0771ca454a5836212cfe20b06910092f003dc1509a98ca0e
4,bidders_8x9,bidders,9,8,9,pc_build_8x9_from_spec,proxy sealed,0.9713322091062394,97.13322091062395,0.8819392917369308,8.939291736930866,11520.0,11860.0,340.0,9165.92,10500.0,-1334.08,-12.70552380952381,0.12705523809523808,0.12705523809523808,0.3974772344013491,0.19885142857142846,0.07179619047619037,2354.08,18,0,0,18,7975,3503,11478,54659,11173,803,803,0,uniform,1.4758,1.0,3,True,b07d2ebfe7863cda0771ca454a5836212cfe20b06910092f003dc1509a98ca0e
0,bidders_8x10,bidders,10,8,10,pc_build_8x10_from_spec,proxy sealed,0.9836623553437712,98.36623553437713,0.9618788291354663,2.1783526208304926,7225.0,7345.0,120.0,4182.494000000001,5224.0,-1041.5059999999994,-19.936944869831535,0.19936944869831535,0.19936944869831535,0.18808795098706596,0.31069065849923416,0.11132120980091881,3042.5059999999994,15,0,0,15,9258,4058,13316,51230,10839,974,974,0,uniform,1.4758,1.0,3,True,b07d2ebfe7863cda0771ca454a5836212cfe20b06910092f003dc1509a98ca0e
1,bidders_8x10,bidders,10,8,10,pc_build_8x10_from_spec,proxy sealed,0.9962168978562421,99.62168978562421,0.9349306431273644,6.128625472887772,7900.0,7930.0,30.0,5858.028,7084.0,-1225.9719999999998,-17.306211180124222,0.1730621118012422,0.1730621118012422,0.21415233291298855,0.32084867306606424,0.14778656126482204,2041.9719999999998,19,0,0,19,9303,5529,14832,49650,9955,1030,1030,0,uniform,1.4758,1.0,3,True,b07d2ebfe7863cda0771ca454a5836212cfe20b06910092f003dc1509a98ca0e
2,bidders_8x10,bidders,10,8,10,pc_build_8x10_from_spec,proxy sealed,0.8893896713615024,88.93896713615024,0.7770892018779343,11.230046948356808,9472.0,10650.0,1178.0,7990.814,8904.0,-913.1859999999997,-10.255907457322548,0.10255907457322548,0.10255907457322548,0.4994191549295775,0.1099454177897577,0.007386343216532212,1481.1859999999997,44,0,0,44,9635,5813,15448,61960,12595,930,930,0,uniform,1.4758,1.0,3,True,b07d2ebfe7863cda0771ca454a5836212cfe20b06910092f003dc1509a98ca0e
3,bidders_8x10,bidders,10,8,10,pc_build_8x10_from_spec,proxy sealed,0.9866459627329193,98.66459627329192,0.7381987577639751,24.84472049689441,6354.0,6440.0,86.0,4122.977999999999,5364.0,-1241.0220000000008,-23.136129753915004,0.23136129753915005,0.23136129753915005,0.4268754658385092,0.27365548098433995,0.0422941834451899,2231.022000000001,23,0,0,23,9872,4685,14557,78787,15436,1262,1262,0,uniform,1.4758,1.0,3,True,b07d2ebfe7863cda0771ca454a5836212cfe20b06910092f003dc1509a98ca0e
4,bidders_8x10,bidders,10,8,10,pc_build_8x10_from_spec,proxy sealed,0.9713322091062394,97.13322091062395,0.8819392917369308,8.939291736930866,11520.0,11860.0,340.0,9165.92,10500.0,-1334.08,-12.70552380952381,0.12705523809523808,0.12705523809523808,0.3974772344013491,0.19885142857142862,0.07179619047619054,2354.08,18,0,0,18,8807,3790,12597,57255,11425,804,804,0,uniform,1.4758,1.0,3,True,b07d2ebfe7863cda0771ca454a5836212cfe20b06910092f003dc1509a98ca0e
0,goods_4x8,goods,4,4,8,pc_build_4x8_from_spec,proxy sealed,0.9663561076604554,96.63561076604555,0.4571687370600414,50.918737060041394,3734.0,3864.0,130.0,2499.0,3200.0,-701.0,-21.90625,0.2190625,0.2190625,0.504399585921325,0.5065293750000001,0.28746687500000007,1235.0,15,0,0,15,6080,3623,9703,13220,1876,92,92,0,uniform,1.4758,1.0,3,True,b07d2ebfe7863cda0771ca454a5836212cfe20b06910092f003dc1509a98ca0e
1,goods_4x8,goods,4,4,8,pc_build_4x8_from_spec,proxy sealed,1.0,100.0,0.9488206497552292,5.117935024477083,4494.0,4494.0,0.0,3899.1800000000003,3910.0,-10.819999999999709,-0.27672634271099,0.0027672634271099,0.0027672634271099,0.00240765465064524,0.13188235294117642,0.12911508951406653,594.8199999999997,16,0,0,16,6462,3535,9997,21283,3376,88,88,0,uniform,1.4758,1.0,3,True,b07d2ebfe7863cda0771ca454a5836212cfe20b06910092f003dc1509a98ca0e
2,goods_4x8,goods,4,4,8,pc_build_4x8_from_spec,proxy sealed,0.9915730337078652,99.15730337078652,0.9452247191011236,4.63483146067416,3530.0,3560.0,30.0,2612.65,2910.0,-297.3499999999999,-10.218213058419241,0.10218213058419241,0.10218213058419241,0.4941769662921348,0.24054982817869477,0.13836769759450235,917.3499999999999,11,0,0,11,6467,3594,10061,21156,3299,64,64,0,uniform,1.4758,1.0,3,True,b07d2ebfe7863cda0771ca454a5836212cfe20b06910092f003dc1509a98ca0e
3,goods_4x8,goods,4,4,8,pc_build_4x8_from_spec,proxy sealed,0.977705112960761,97.77051129607611,0.8665279429250892,11.117717003567185,3289.0,3364.0,75.0,2530.5299999999997,2755.0,-224.47000000000025,-8.147731397459175,0.08147731397459175,0.08147731397459175,0.31880796670630207,0.2500471869328492,0.16856987295825748,758.4700000000003,16,0,0,16,6060,3651,9711,21067,3333,80,80,0,uniform,1.4758,1.0,3,True,b07d2ebfe7863cda0771ca454a5836212cfe20b06910092f003dc1509a98ca0e
4,goods_4x8,goods,4,4,8,pc_build_4x8_from_spec,proxy sealed,0.9252573932092005,92.52573932092005,0.9178532311062432,0.7404162102957357,8447.6,9130.0,682.3999999999996,7674.32,8000.0,-325.6800000000003,-4.071000000000003,0.04071000000000004,0.04071000000000004,0.38616429353778753,0.09607249999999988,0.05536249999999984,773.2800000000007,14,0,0,14,6000,2885,8885,20861,3154,66,66,0,uniform,1.4758,1.0,3,True,b07d2ebfe7863cda0771ca454a5836212cfe20b06910092f003dc1509a98ca0e
0,goods_5x8,goods,5,5,8,pc_build_5x8_from_spec,proxy sealed,0.9328859060402684,93.28859060402685,0.9328859060402684,0.0,5004.0,5364.0,360.0,2673.2160000000003,4480.0,-1806.7839999999997,-40.32999999999999,0.40329999999999994,0.40329999999999994,0.5954578672632364,0.3905736607142856,-0.012726339285714316,2330.7839999999997,7,0,0,7,6903,3374,10277,16122,2689,140,140,0,uniform,1.4758,1.0,3,True,b07d2ebfe7863cda0771ca454a5836212cfe20b06910092f003dc1509a98ca0e
1,goods_5x8,goods,5,5,8,pc_build_5x8_from_spec,proxy sealed,0.9626865671641791,96.26865671641791,0.9378109452736318,2.487562189054726,4644.0,4824.0,180.0,3559.836,4220.0,-660.1640000000002,-15.64369668246446,0.1564369668246446,0.1564369668246446,0.6821069651741294,0.33554028436018934,0.17910331753554473,1084.1640000000002,11,0,0,11,6332,3899,10231,24380,4531,176,176,0,uniform,1.4758,1.0,3,True,b07d2ebfe7863cda0771ca454a5836212cfe20b06910092f003dc1509a98ca0e
2,goods_5x8,goods,5,5,8,pc_build_5x8_from_spec,proxy sealed,0.9946043165467626,99.46043165467626,0.9424460431654677,5.215827338129497,5530.0,5560.0,30.0,3893.2200000000003,4560.0,-666.7799999999997,-14.622368421052625,0.14622368421052626,0.14622368421052626,0.2602122302158273,0.30875087719298205,0.1625271929824558,1636.7799999999997,21,0,0,21,6785,3436,10221,22644,3637,82,82,0,uniform,1.4758,1.0,3,True,b07d2ebfe7863cda0771ca454a5836212cfe20b06910092f003dc1509a98ca0e
3,goods_5x8,goods,5,5,8,pc_build_5x8_from_spec,proxy sealed,1.0,100.0,0.8883601756954612,11.163982430453878,5464.0,5464.0,0.0,3980.16,4405.0,-424.84000000000015,-9.644494892167994,0.09644494892167994,0.09644494892167994,0.07775256222547587,0.19593189557321214,0.0994869466515322,1483.8400000000001,12,0,0,12,6444,3227,9671,23689,4034,124,124,0,uniform,1.4758,1.0,3,True,b07d2ebfe7863cda0771ca454a5836212cfe20b06910092f003dc1509a98ca0e
4,goods_5x8,goods,5,5,8,pc_build_5x8_from_spec,proxy sealed,0.9869739478957916,98.69739478957916,0.8597194388777555,12.725450901803615,9850.0,9980.0,130.0,8176.17,8720.0,-543.8299999999999,-6.236582568807338,0.06236582568807338,0.06236582568807338,0.10983667334669339,0.03531422018348609,-0.027051605504587295,1673.83,29,0,0,29,6229,3076,9305,23516,4042,136,136,0,uniform,1.4758,1.0,3,True,b07d2ebfe7863cda0771ca454a5836212cfe20b06910092f003dc1509a98ca0e
0,goods_6x8,goods,6,6,8,pc_build_6x8_from_spec,proxy sealed,0.8093373493975904,80.93373493975903,0.8093373493975904,0.0,5374.0,6640.0,1266.0,3454.512,4684.0,-1229.4879999999998,-26.248676345004267,0.2624867634500427,0.2624867634500427,0.5616698795180722,0.4076635354397949,0.1451767719897522,1919.4879999999998,24,0,0,24,7183,3041,10224,15618,2932,240,240,0,uniform,1.4758,1.0,3,True,b07d2ebfe7863cda0771ca454a5836212cfe20b06910092f003dc1509a98ca0e
1,goods_6x8,goods,6,6,8,pc_build_6x8_from_spec,proxy sealed,0.9683734939759037,96.83734939759037,0.9683734939759037,0.0,6430.0,6640.0,210.0,5111.9,6114.0,-1002.1000000000004,-16.39025188092902,0.16390251880929022,0.16390251880929022,0.3731777108433734,0.12735197906444243,-0.03655053974484779,1318.1000000000004,17,0,0,17,6819,3605,10424,29618,5176,272,272,0,uniform,1.4758,1.0,3,True,b07d2ebfe7863cda0771ca454a5836212cfe20b06910092f003dc1509a98ca0e
2,goods_6x8,goods,6,6,8,pc_build_6x8_from_spec,proxy sealed,0.9949066213921901,99.49066213921901,0.8438030560271647,15.110356536502545,5860.0,5890.0,30.0,3715.6900000000005,4800.0,-1084.3099999999995,-22.589791666666656,0.22589791666666656,0.22589791666666656,0.3165212224108658,0.2743983333333339,0.04850041666666735,2144.3099999999995,26,0,0,26,6558,2116,8674,16832,3006,146,146,0,uniform,1.4758,1.0,3,True,b07d2ebfe7863cda0771ca454a5836212cfe20b06910092f003dc1509a98ca0e
3,goods_6x8,goods,6,6,8,pc_build_6x8_from_spec,proxy sealed,0.9363295880149812,93.63295880149812,0.9227102485529451,1.3619339462036084,5500.0,5874.0,374.0,3605.062000000001,4795.0,-1189.9379999999992,-24.816225234619377,0.2481622523461938,0.2481622523461938,0.3834719101123596,0.15053013555787323,-0.09763211678832057,1894.9379999999992,15,0,0,15,6705,2677,9382,27424,5055,256,256,0,uniform,1.4758,1.0,3,True,b07d2ebfe7863cda0771ca454a5836212cfe20b06910092f003dc1509a98ca0e
4,goods_6x8,goods,6,6,8,pc_build_6x8_from_spec,proxy sealed,0.9952107279693486,99.52107279693486,0.7356130268199234,25.959770114942526,10390.0,10440.0,50.0,8066.49,9039.8,-973.3099999999995,-10.76694174649881,0.10766941746498812,0.10766941746498812,0.2284396551724136,0.11841854908294427,0.010749131617956154,2323.51,46,0,0,46,6550,3481,10031,25492,4917,198,198,0,uniform,1.4758,1.0,3,True,b07d2ebfe7863cda0771ca454a5836212cfe20b06910092f003dc1509a98ca0e
0,goods_7x8,goods,7,7,8,pc_build_7x8_from_spec,proxy sealed,0.8202980837473386,82.02980837473386,0.8202980837473386,0.0,5779.0,7045.0,1266.0,3424.266,5074.0,-1649.734,-32.513480488766255,0.32513480488766255,0.32513480488766255,0.5890325053229241,0.32812416239653125,0.0029893575088686952,2354.734,15,0,0,15,6910,2983,9893,24898,4881,384,384,0,uniform,1.4758,1.0,3,True,b07d2ebfe7863cda0771ca454a5836212cfe20b06910092f003dc1509a98ca0e
1,goods_7x8,goods,7,7,8,pc_build_7x8_from_spec,proxy sealed,0.9385106382978723,93.85106382978722,0.9080141843971631,3.049645390070921,6616.5,7050.0,433.5,5739.644,6504.0,-764.3559999999998,-11.752091020910205,0.11752091020910206,0.11752091020910206,0.3086019858156029,0.14456242312423115,0.027041512915129087,876.8559999999998,13,0,0,13,7069,3402,10471,43749,7582,552,552,0,uniform,1.4758,1.0,3,True,b07d2ebfe7863cda0771ca454a5836212cfe20b06910092f003dc1509a98ca0e
2,goods_7x8,goods,7,7,8,pc_build_7x8_from_spec,proxy sealed,0.9991596638655462,99.91596638655463,0.9823529411764705,1.6806722689075682,7134.0,7140.0,6.0,5348.332,5438.0,-89.66799999999967,-1.6489150422949552,0.01648915042294955,0.01648915042294955,0.3947243697478992,0.2103670467083486,0.19387789628539906,1785.6679999999997,24,0,0,24,7885,3527,11412,28516,5749,276,276,0,uniform,1.4758,1.0,3,True,b07d2ebfe7863cda0771ca454a5836212cfe20b06910092f003dc1509a98ca0e
3,goods_7x8,goods,7,7,8,pc_build_7x8_from_spec,proxy sealed,0.9859934853420196,98.59934853420197,0.9688925081433225,1.7100977198697076,6054.0,6140.0,86.0,3962.4979999999996,5154.0,-1191.5020000000004,-23.11800543267366,0.2311800543267366,0.2311800543267366,0.4261397394136807,0.3471431897555296,0.115963135428793,2091.5020000000004,16,0,0,16,7012,3648,10660,38927,7971,520,520,0,uniform,1.4758,1.0,3,True,b07d2ebfe7863cda0771ca454a5836212cfe20b06910092f003dc1509a98ca0e
4,goods_7x8,goods,7,7,8,pc_build_7x8_from_spec,proxy sealed,0.9069767441860465,90.69767441860465,0.7916093023255814,11.53674418604651,9750.0,10750.0,1000.0,9135.88,9339.8,-203.92000000000007,-2.1833443970962985,0.021833443970962985,0.021833443970962985,0.8439720930232557,0.14673547613439256,0.12490203216342957,614.1200000000008,50,0,0,50,6786,2686,9472,31508,6327,374,374,0,uniform,1.4758,1.0,3,True,b07d2ebfe7863cda0771ca454a5836212cfe20b06910092f003dc1509a98ca0e
0,goods_9x8,goods,9,9,8,pc_build_9x8_from_spec,proxy sealed,0.7102931596091205,71.02931596091206,0.593029315960912,11.726384364820852,5451.5,7675.0,2223.5,4268.633999999999,5524.0,-1255.366000000001,-22.725669804489517,0.22725669804489518,0.22725669804489518,0.9931400651465797,0.36148406951484424,0.13422737146994906,1182.866000000001,28,0,0,28,7641,3466,11107,71598,14085,1336,1336,0,uniform,1.4758,1.0,3,True,b07d2ebfe7863cda0771ca454a5836212cfe20b06910092f003dc1509a98ca0e
1,goods_9x8,goods,9,9,8,pc_build_9x8_from_spec,proxy sealed,0.9215219976218787,92.15219976218788,0.8384661117717004,8.305588585017832,7750.0,8410.0,660.0,6373.450000000001,7544.0,-1170.5499999999993,-15.516304347826077,0.15516304347826076,0.15516304347826076,0.25405112960760995,0.29379135737009543,0.13862831389183466,1376.5499999999993,39,0,0,39,7743,4830,12573,40218,7850,1568,1568,0,uniform,1.4758,1.0,3,True,b07d2ebfe7863cda0771ca454a5836212cfe20b06910092f003dc1509a98ca0e
2,goods_9x8,goods,9,9,8,pc_build_9x8_from_spec,proxy sealed,0.9962406015037594,99.62406015037594,0.8407268170426065,15.551378446115283,7950.0,7980.0,30.0,4761.186000000001,5918.0,-1156.8139999999994,-19.54738087191618,0.19547380871916178,0.19547380871916178,0.24270852130325807,0.1770631970260224,-0.018410611693139373,3188.8139999999994,80,0,0,80,8405,2775,11180,61901,11899,1000,1000,0,uniform,1.4758,1.0,3,True,b07d2ebfe7863cda0771ca454a5836212cfe20b06910092f003dc1509a98ca0e
3,goods_9x8,goods,9,9,8,pc_build_9x8_from_spec,proxy sealed,0.9973045822102425,99.73045822102425,0.9299191374663073,6.738544474393526,7400.0,7420.0,20.0,4574.832,6214.0,-1639.1679999999997,-26.37862890247827,0.2637862890247827,0.2637862890247827,0.28560215633423175,0.28751206952043806,0.02372578049565538,2825.1679999999997,18,0,0,18,7692,5119,12811,98358,18652,1736,1736,0,uniform,1.4758,1.0,3,True,b07d2ebfe7863cda0771ca454a5836212cfe20b06910092f003dc1509a98ca0e
4,goods_9x8,goods,9,9,8,pc_build_9x8_from_spec,proxy sealed,0.9942950285248574,99.42950285248574,0.8468459657701711,14.744906275468628,12200.0,12270.0,70.0,9704.143999999998,10692.5,-988.3560000000016,-9.243451017068052,0.09243451017068054,0.09243451017068054,0.1318953545232275,0.10561758241758248,0.013183072246901947,2495.8560000000016,36,0,0,36,8021,3513,11534,88897,17820,1520,1520,0,uniform,1.4758,1.0,3,True,b07d2ebfe7863cda0771ca454a5836212cfe20b06910092f003dc1509a98ca0e
0,goods_10x8,goods,10,10,8,pc_build_10x8_from_spec,proxy sealed,0.877363184079602,87.7363184079602,0.8736318407960199,0.3731343283582156,7054.0,8040.0,986.0,4548.232,5799.0,-1250.768,-21.56868425590619,0.21568684255906193,0.21568684255906193,0.2948716417910448,0.21870908777375422,0.0030222452146922985,2505.768,11,0,0,11,8424,4600,13024,148268,27963,2680,2680,0,uniform,1.4758,1.0,3,True,b07d2ebfe7863cda0771ca454a5836212cfe20b06910092f003dc1509a98ca0e
1,goods_10x8,goods,10,10,8,pc_build_10x8_from_spec,proxy sealed,0.8778833107191316,87.78833107191316,0.8536861148801448,2.419719583898683,7764.0,8844.0,1080.0,6604.43,8110.0,-1505.5699999999997,-18.564364981504312,0.1856436498150431,0.1856436498150431,0.20868046132971502,0.26119013563501886,0.07554648581997575,1159.5699999999997,14,0,0,14,8994,4797,13791,174861,31641,3144,3144,0,uniform,1.4758,1.0,3,True,b07d2ebfe7863cda0771ca454a5836212cfe20b06910092f003dc1509a98ca0e
2,goods_10x8,goods,10,10,8,pc_build_10x8_from_spec,proxy sealed,0.8416075650118203,84.16075650118204,0.8191489361702128,2.245862884160754,7120.0,8460.0,1340.0,4929.073999999999,6108.0,-1178.9260000000013,-19.30134250163722,0.19301342501637217,0.19301342501637217,0.42418132387706864,0.1108474132285528,-0.08216601178781938,2190.9260000000013,15,0,0,15,8577,3280,11857,91538,16927,1624,1624,0,uniform,1.4758,1.0,3,True,b07d2ebfe7863cda0771ca454a5836212cfe20b06910092f003dc1509a98ca0e
3,goods_10x8,goods,10,10,8,pc_build_10x8_from_spec,proxy sealed,0.8130733944954128,81.30733944954129,0.554644495412844,25.842889908256883,7090.0,8720.0,1630.0,4796.26,6334.0,-1537.7399999999998,-24.277549731607195,0.24277549731607195,0.24277549731607195,0.5044334862385321,0.2823706978212818,0.03959520050520987,2293.74,38,0,0,38,7956,3505,11461,176151,31748,3160,3160,0,uniform,1.4758,1.0,3,True,b07d2ebfe7863cda0771ca454a5836212cfe20b06910092f003dc1509a98ca0e
4,goods_10x8,goods,10,10,8,pc_build_10x8_from_spec,proxy sealed,0.9943775100401606,99.43775100401606,0.9160481927710843,7.832931726907633,12380.0,12450.0,70.0,9588.003999999999,10862.5,-1274.496000000001,-11.732989643268132,0.11732989643268134,0.11732989643268134,0.14504289156626518,0.11010448791714633,-0.007225408515535006,2791.996000000001,30,0,0,30,7916,3654,11570,141695,26342,2488,2488,0,uniform,1.4758,1.0,3,True,b07d2ebfe7863cda0771ca454a5836212cfe20b06910092f003dc1509a98ca0e
0,joint_4x4,joint,4,4,4,pc_build_4x4_from_spec,proxy sealed,1.0,100.0,0.8356625258799172,16.43374741200828,3864.0,3864.0,0.0,1931.9319999999998,2814.0,-882.0680000000002,-31.34570007107321,0.3134570007107321,0.3134570007107321,0.22827846790890274,0.5070177683013504,0.19356076759061824,1932.0680000000002,8,0,0,8,3072,2187,5259,6615,1025,52,52,0,uniform,1.4758,1.0,3,True,b07d2ebfe7863cda0771ca454a5836212cfe20b06910092f003dc1509a98ca0e
1,joint_4x4,joint,4,4,4,pc_build_4x4_from_spec,proxy sealed,1.0,100.0,1.0,0.0,4264.0,4264.0,0.0,3279.18,3236.5,42.679999999999836,1.3187084813842063,-0.013187084813842063,0.013187084813842063,0.01000938086303936,-0.02140954735053324,-0.008222462536691176,984.8200000000002,12,0,0,12,3455,1715,5170,11110,1928,52,52,0,uniform,1.4758,1.0,3,True,b07d2ebfe7863cda0771ca454a5836212cfe20b06910092f003dc1509a98ca0e
2,joint_4x4,joint,4,4,4,pc_build_4x4_from_spec,proxy sealed,0.9540059347181009,95.4005934718101,0.7997032640949555,15.43026706231454,3215.0,3370.0,155.0,2435.0,2440.0,-5.0,-0.20491803278688525,0.0020491803278688526,0.0020491803278688526,0.15578635014836795,0.033778688524589824,0.03172950819672097,780.0,12,0,0,12,3015,1896,4911,10710,1713,36,36,0,uniform,1.4758,1.0,3,True,b07d2ebfe7863cda0771ca454a5836212cfe20b06910092f003dc1509a98ca0e
3,joint_4x4,joint,4,4,4,pc_build_4x4_from_spec,proxy sealed,0.9928656361474435,99.28656361474435,0.9661117717003567,2.675386444708683,3340.0,3364.0,24.0,2209.0,2354.0,-145.0,-6.159728122344945,0.06159728122344945,0.06159728122344945,0.13525564803804993,0.2476805437553101,0.18608326253186064,1131.0,13,0,0,13,3065,2147,5212,11114,1940,52,52,0,uniform,1.4758,1.0,3,True,b07d2ebfe7863cda0771ca454a5836212cfe20b06910092f003dc1509a98ca0e
4,joint_4x4,joint,4,4,4,pc_build_4x4_from_spec,proxy sealed,1.0,100.0,0.9355038759689923,6.449612403100769,9030.0,9030.0,0.0,4060.25,4267.6,-207.35000000000036,-4.858702783766059,0.04858702783766059,0.04858702783766059,0.02296234772978963,-0.14527603336770112,-0.1938630612053617,4969.75,7,0,0,7,3017,1776,4793,10963,1818,44,44,0,uniform,1.4758,1.0,3,True,b07d2ebfe7863cda0771ca454a5836212cfe20b06910092f003dc1509a98ca0e
0,joint_5x5,joint,5,5,5,pc_build_5x5_from_spec,proxy sealed,0.9105145413870246,91.05145413870245,0.8750932140193886,3.5421327367636035,4884.0,5364.0,480.0,3221.69,3344.0,-122.30999999999995,-3.6575956937799026,0.036575956937799026,0.036575956937799026,0.18313012677106635,0.26298265550239225,0.22640669856459322,1662.31,14,0,0,14,4104,2090,6194,10269,1829,99,99,0,uniform,1.4758,1.0,3,True,b07d2ebfe7863cda0771ca454a5836212cfe20b06910092f003dc1509a98ca0e
1,joint_5x5,joint,5,5,5,pc_build_5x5_from_spec,proxy sealed,0.9717022202873313,97.17022202873314,0.9455811928602526,2.612102742707878,4464.0,4594.0,130.0,3117.416,3546.5,-429.08399999999983,-12.098801635415192,0.12098801635415193,0.12098801635415193,0.48126164562472795,0.23016213167912,0.10917411532496807,1346.5839999999998,7,0,0,7,3965,2613,6578,15983,3127,123,123,0,uniform,1.4758,1.0,3,True,b07d2ebfe7863cda0771ca454a5836212cfe20b06910092f003dc1509a98ca0e
2,joint_5x5,joint,5,5,5,pc_build_5x5_from_spec,proxy sealed,1.0,100.0,0.9590316573556797,4.096834264432026,5370.0,5370.0,0.0,2871.7879999999986,2655.0,216.78799999999865,8.165273069679799,-0.08165273069679799,0.08165273069679799,0.06085437616387312,0.12711035781544275,0.20876308851224074,2498.2120000000014,18,0,0,18,3955,2199,6154,14424,2236,59,59,0,uniform,1.4758,1.0,3,True,b07d2ebfe7863cda0771ca454a5836212cfe20b06910092f003dc1509a98ca0e
3,joint_5x5,joint,5,5,5,pc_build_5x5_from_spec,proxy sealed,1.0,100.0,0.8883601756954612,11.163982430453878,5464.0,5464.0,0.0,3199.426,3714.0,-514.5740000000001,-13.854981152396341,0.1385498115239634,0.1385498115239634,0.09417532942898976,0.23706623586429698,0.09851642434033359,2264.574,10,0,0,10,4026,2038,6064,15253,2626,71,71,0,uniform,1.4758,1.0,3,True,b07d2ebfe7863cda0771ca454a5836212cfe20b06910092f003dc1509a98ca0e
4,joint_5x5,joint,5,5,5,pc_build_5x5_from_spec,proxy sealed,1.0,100.0,0.9402666666666667,5.973333333333331,9750.0,9750.0,0.0,5203.8,5410.0,-206.19999999999982,-3.8114602587800337,0.038114602587800334,0.038114602587800334,0.10894358974358972,-0.09008502772643263,-0.12819963031423298,4546.2,13,0,0,13,3940,2027,5967,15462,2913,99,99,0,uniform,1.4758,1.0,3,True,b07d2ebfe7863cda0771ca454a5836212cfe20b06910092f003dc1509a98ca0e
0,joint_6x6,joint,6,6,6,pc_build_6x6_from_spec,proxy sealed,1.0,100.0,1.0,0.0,6640.0,6640.0,0.0,3804.304,3548.0,256.3040000000001,7.223900789177003,-0.07223900789177004,0.07223900789177004,0.038600000000000016,0.23880665163472406,0.3110456595264941,2835.696,9,0,0,9,5539,2319,7858,12195,2412,210,210,0,uniform,1.4758,1.0,3,True,b07d2ebfe7863cda0771ca454a5836212cfe20b06910092f003dc1509a98ca0e
1,joint_6x6,joint,6,6,6,pc_build_6x6_from_spec,proxy sealed,1.0,100.0,1.0,0.0,6430.0,6430.0,0.0,4728.36,4700.5,27.859999999999673,0.5927029039463817,-0.005927029039463817,0.005927029039463817,0.004332814930015501,-0.10366769492607149,-0.09774066588660767,1701.6400000000003,17,0,0,17,5122,2652,7774,23237,3938,210,210,0,uniform,1.4758,1.0,3,True,b07d2ebfe7863cda0771ca454a5836212cfe20b06910092f003dc1509a98ca0e
2,joint_6x6,joint,6,6,6,pc_build_6x6_from_spec,proxy sealed,1.0,100.0,0.8820033955857386,11.799660441426141,5890.0,5890.0,0.0,3748.684,3405.0,343.6840000000002,10.093509544787084,-0.10093509544787084,0.10093509544787084,0.11142886247877755,-0.0012035242290752777,0.09973157121879556,2141.316,18,0,0,18,4914,1568,6482,13401,2455,118,118,0,uniform,1.4758,1.0,3,True,b07d2ebfe7863cda0771ca454a5836212cfe20b06910092f003dc1509a98ca0e
3,joint_6x6,joint,6,6,6,pc_build_6x6_from_spec,proxy sealed,1.0,100.0,0.9710589036431733,2.8941096356826734,5874.0,5874.0,0.0,3783.938,4004.0,-220.0619999999999,-5.4960539460539435,0.054960539460539436,0.054960539460539436,0.05795539666326188,0.06748901098901079,0.012528471528471356,2090.062,17,0,0,17,5065,1941,7006,21362,4085,210,210,0,uniform,1.4758,1.0,3,True,b07d2ebfe7863cda0771ca454a5836212cfe20b06910092f003dc1509a98ca0e
4,joint_6x6,joint,6,6,6,pc_build_6x6_from_spec,proxy sealed,0.8883251714005876,88.83251714005877,0.7766699314397649,11.165523996082271,9069.8,10210.0,1140.2000000000007,6705.430000000002,5499.799999999999,1205.6300000000028,21.92134259427621,-0.2192134259427621,0.2192134259427621,0.4079696376101862,-0.3583748499945453,-0.13916142405178317,2364.369999999997,21,0,0,21,4958,3157,8115,19728,3932,160,160,0,uniform,1.4758,1.0,3,True,b07d2ebfe7863cda0771ca454a5836212cfe20b06910092f003dc1509a98ca0e
0,joint_7x7,joint,7,7,7,pc_build_7x7_from_spec,proxy sealed,0.9978708303761533,99.78708303761533,0.6719659332860185,32.59048970901348,7030.0,7045.0,15.0,3699.928000000001,3938.0,-238.0719999999992,-6.04550533265615,0.0604550533265615,0.0604550533265615,0.096316252661462,0.19052107668867455,0.13006602336211304,3330.071999999999,10,0,0,10,6028,2651,8679,23148,4526,361,361,0,uniform,1.4758,1.0,3,True,b07d2ebfe7863cda0771ca454a5836212cfe20b06910092f003dc1509a98ca0e
1,joint_7x7,joint,7,7,7,pc_build_7x7_from_spec,proxy sealed,0.9439327485380117,94.39327485380117,0.8423245614035088,10.160818713450293,6456.5,6840.0,383.5,5263.27,5090.5,172.77000000000044,3.3939691582359384,-0.033939691582359384,0.033939691582359384,0.10025877192982463,0.014297220312346478,0.04823691189470586,1193.2299999999996,13,0,0,13,6171,2827,8998,36969,6479,457,457,0,uniform,1.4758,1.0,3,True,b07d2ebfe7863cda0771ca454a5836212cfe20b06910092f003dc1509a98ca0e
2,joint_7x7,joint,7,7,7,pc_build_7x7_from_spec,proxy sealed,0.9865546218487395,98.65546218487395,0.9865546218487395,0.0,7044.0,7140.0,96.0,4290.946000000001,4043.0,247.94600000000082,6.132723225327747,-0.06132723225327747,0.06132723225327747,0.41679915966386566,0.006826119218401716,0.06815335147167918,2753.053999999999,34,0,0,34,6571,3229,9800,24934,5054,229,229,0,uniform,1.4758,1.0,3,True,b07d2ebfe7863cda0771ca454a5836212cfe20b06910092f003dc1509a98ca0e
3,joint_7x7,joint,7,7,7,pc_build_7x7_from_spec,proxy sealed,0.9990228013029316,99.90228013029316,0.9591205211726385,3.9902280130293177,6134.0,6140.0,6.0,3962.4979999999996,5154.0,-1191.5020000000004,-23.11800543267366,0.2311800543267366,0.2311800543267366,0.4261397394136807,0.36718703919285944,0.13600698486612284,2171.5020000000004,18,0,0,18,6176,3544,9720,35643,7464,489,489,0,uniform,1.4758,1.0,3,True,b07d2ebfe7863cda0771ca454a5836212cfe20b06910092f003dc1509a98ca0e
4,joint_7x7,joint,7,7,7,pc_build_7x7_from_spec,proxy sealed,0.9279352997145576,92.79352997145575,0.8599048525214082,6.803044719314933,9752.6,10510.0,757.3999999999996,6709.152000000001,5834.799999999999,874.3520000000017,14.985123740316752,-0.1498512374031675,0.1498512374031675,0.41620856327307343,-0.19889147871392357,-0.04904024131075607,3043.4479999999994,12,0,0,12,5942,2249,8191,27466,5472,311,311,0,uniform,1.4758,1.0,3,True,b07d2ebfe7863cda0771ca454a5836212cfe20b06910092f003dc1509a98ca0e
0,joint_9x9,joint,9,9,9,pc_build_9x9_from_spec,proxy sealed,0.8923778501628664,89.23778501628664,0.6555700325732899,23.680781758957647,6849.0,7675.0,826.0,4163.302000000001,5534.0,-1370.6979999999994,-24.768666425731826,0.24768666425731828,0.24768666425731828,0.2866514657980456,0.34930393928442355,0.10161727502710527,2685.6979999999994,32,0,0,32,8578,3846,12424,76969,15278,1407,1407,0,uniform,1.4758,1.0,3,True,b07d2ebfe7863cda0771ca454a5836212cfe20b06910092f003dc1509a98ca0e
1,joint_9x9,joint,9,9,9,pc_build_9x9_from_spec,proxy sealed,0.8644470868014269,86.4447086801427,0.8384661117717004,2.5980975029726516,7270.0,8410.0,1140.0,6841.986000000001,7544.0,-702.0139999999992,-9.305593849416745,0.09305593849416745,0.09305593849416745,1.123426159334126,0.29379135737009543,0.200735418875928,428.0139999999992,22,0,0,22,8665,5374,14039,42036,8179,1631,1631,0,uniform,1.4758,1.0,3,True,b07d2ebfe7863cda0771ca454a5836212cfe20b06910092f003dc1509a98ca0e
2,joint_9x9,joint,9,9,9,pc_build_9x9_from_spec,proxy sealed,0.9624548736462094,96.24548736462094,0.9042418772563177,5.821299638989174,10664.0,11080.0,416.0,5153.617999999999,6268.0,-1114.3820000000014,-17.7789087428207,0.17778908742820698,0.17778908742820698,0.24567851985559555,-0.11367804722399469,-0.29146713465220164,5510.382000000001,23,0,0,23,9881,3737,13618,88684,16433,1511,1511,0,uniform,1.4758,1.0,3,True,b07d2ebfe7863cda0771ca454a5836212cfe20b06910092f003dc1509a98ca0e
3,joint_9x9,joint,9,9,9,pc_build_9x9_from_spec,proxy sealed,0.9973045822102425,99.73045822102425,0.9299191374663073,6.738544474393526,7400.0,7420.0,20.0,4574.832,6214.0,-1639.1679999999997,-26.37862890247827,0.2637862890247827,0.2637862890247827,0.28560215633423175,0.28751206952043806,0.02372578049565538,2825.1679999999997,18,0,0,18,8647,5665,14312,113732,21279,2023,2023,0,uniform,1.4758,1.0,3,True,b07d2ebfe7863cda0771ca454a5836212cfe20b06910092f003dc1509a98ca0e
4,joint_9x9,joint,9,9,9,pc_build_9x9_from_spec,proxy sealed,1.0,100.0,0.8454678600488201,15.453213995117988,12290.0,12290.0,0.0,9622.774,10762.5,-1139.7260000000006,-10.589788617886185,0.10589788617886184,0.10589788617886184,0.09273604556550046,0.11143470383275268,0.005536817653890844,2667.2260000000006,31,0,0,31,8936,4032,12968,95094,18902,1615,1615,0,uniform,1.4758,1.0,3,True,b07d2ebfe7863cda0771ca454a5836212cfe20b06910092f003dc1509a98ca0e
0,joint_10x10,joint,10,10,10,pc_build_10x10_from_spec,proxy sealed,0.877363184079602,87.7363184079602,0.8736318407960199,0.3731343283582156,7054.0,8040.0,986.0,4622.022,5809.0,-1186.978,-20.43343088311241,0.20433430883112413,0.20433430883112413,0.28445,0.22005405405405418,0.015719745222930043,2431.978,11,0,0,11,10429,5850,16279,183530,34526,3334,3334,0,uniform,1.4758,1.0,3,True,b07d2ebfe7863cda0771ca454a5836212cfe20b06910092f003dc1509a98ca0e
1,joint_10x10,joint,10,10,10,pc_build_10x10_from_spec,proxy sealed,0.8801447308909995,88.01447308909995,0.8401175938489371,4.00271370420624,7784.0,8844.0,1060.0,6696.85,8110.0,-1413.1499999999996,-17.424784217016025,0.17424784217016026,0.17424784217016026,0.2525045228403437,0.2684690505548706,0.09422120838471032,1087.1499999999996,16,0,0,16,11292,5552,16844,189382,34266,3398,3398,0,uniform,1.4758,1.0,3,True,b07d2ebfe7863cda0771ca454a5836212cfe20b06910092f003dc1509a98ca0e
2,joint_10x10,joint,10,10,10,pc_build_10x10_from_spec,proxy sealed,0.8505190311418686,85.05190311418686,0.6297145328719723,22.08044982698962,9832.0,11560.0,1728.0,7316.244000000001,9394.0,-2077.7559999999994,-22.11790504577389,0.22117905045773892,0.22117905045773892,0.583137716262976,0.27419672131147516,0.05301767085373624,2515.7559999999994,23,0,0,23,10528,4070,14598,159953,28228,2902,2902,0,uniform,1.4758,1.0,3,True,b07d2ebfe7863cda0771ca454a5836212cfe20b06910092f003dc1509a98ca0e
3,joint_10x10,joint,10,10,10,pc_build_10x10_from_spec,proxy sealed,0.7656536697247707,76.56536697247707,0.6444954128440367,12.1158256880734,6676.5,8720.0,2043.5,4246.19,6334.0,-2087.8100000000004,-32.961951373539634,0.32961951373539633,0.32961951373539633,0.6168337155963303,0.28703062835490983,-0.042588885380486496,2430.3100000000004,50,0,0,50,9999,4726,14725,264284,46794,4758,4758,0,uniform,1.4758,1.0,3,True,b07d2ebfe7863cda0771ca454a5836212cfe20b06910092f003dc1509a98ca0e
4,joint_10x10,joint,10,10,10,pc_build_10x10_from_spec,proxy sealed,1.0,100.0,0.9145789895749799,8.542101042502015,12470.0,12470.0,0.0,9829.529999999999,10932.5,-1102.9700000000012,-10.088909215641447,0.10088909215641446,0.10088909215641446,0.13526944667201293,0.08205442487994558,-0.01883466727646889,2640.470000000001,33,0,0,33,9756,4238,13994,154807,28617,2686,2686,0,uniform,1.4758,1.0,3,True,b07d2ebfe7863cda0771ca454a5836212cfe20b06910092f003dc1509a98ca0e
