seed,case,series,num_goods,num_bidders,selected_goods,selected_bidders,good_categories,bidder_strata,mean_interest_density,bidders_with_exclusions,surviving_substitute_groups,distinct_substitute_groups,bidders_with_substitutes,surviving_complement_groups,distinct_complement_groups,bidders_with_complements,contested_goods,min_positive_bidders_per_good,mean_positive_bidders_per_good,full_information_welfare,full_information_winners,largest_winner_welfare_share,allocated_good_share,validation_passed
0,goods_4x8,goods,4,8,CPU_MID|RAM_64|SSD_4TB|SSD_2TB,office_user|creative_professional|software_developer|system_integrator|overclocker|small_business_it|minimalist_user|ai_researcher,3,4,0.875,3,5,1,5,1,1,1,4,5,7,3864.0,2,0.5082815734989649,1.0,True
0,bidders_8x4,bidders,8,4,CPU_MID|RAM_64|SSD_4TB|SSD_2TB|CPU_HI|MB_STD|GPU_VALUE|RAM_32,office_user|creative_professional|software_developer|system_integrator,5,3,0.8125,2,9,3,4,4,3,4,8,2,3.25,7163.0,3,0.5430685466983107,1.0,True
0,joint_4x4,joint,4,4,CPU_MID|RAM_64|SSD_4TB|SSD_2TB,office_user|creative_professional|software_developer|system_integrator,3,3,0.9375,1,3,1,3,1,1,1,4,3,3.75,3864.0,2,0.5082815734989649,1.0,True
0,goods_5x8,goods,5,8,CPU_MID|RAM_64|SSD_4TB|SSD_2TB|CPU_HI,office_user|creative_professional|software_developer|system_integrator|overclocker|small_business_it|minimalist_user|ai_researcher,3,4,0.825,4,10,2,6,1,1,1,5,5,6.6,5364.0,2,0.6457867263236391,1.0,True
0,bidders_8x5,bidders,8,5,CPU_MID|RAM_64|SSD_4TB|SSD_2TB|CPU_HI|MB_STD|GPU_VALUE|RAM_32,office_user|creative_professional|software_developer|system_integrator|overclocker,5,4,0.8,3,11,3,5,4,3,4,8,2,4,7215.0,4,0.5391545391545391,1.0,True
0,joint_5x5,joint,5,5,CPU_MID|RAM_64|SSD_4TB|SSD_2TB|CPU_HI,office_user|creative_professional|software_developer|system_integrator|overclocker,3,4,0.88,2,7,2,4,1,1,1,5,3,4.4,5364.0,2,0.6457867263236391,1.0,True
0,goods_6x8,goods,6,8,CPU_MID|RAM_64|SSD_4TB|SSD_2TB|CPU_HI|MB_STD,office_user|creative_professional|software_developer|system_integrator|overclocker|small_business_it|minimalist_user|ai_researcher,4,4,0.8125,6,10,2,6,3,2,3,6,5,6.5,6640.0,2,0.5858433734939759,1.0,True
0,bidders_8x6,bidders,8,6,CPU_MID|RAM_64|SSD_4TB|SSD_2TB|CPU_HI|MB_STD|GPU_VALUE|RAM_32,office_user|creative_professional|software_developer|system_integrator|overclocker|small_business_it,5,4,0.8125,4,13,3,6,4,3,4,8,3,4.875,7215.0,4,0.5391545391545391,1.0,True
0,joint_6x6,joint,6,6,CPU_MID|RAM_64|SSD_4TB|SSD_2TB|CPU_HI|MB_STD,office_user|creative_professional|software_developer|system_integrator|overclocker|small_business_it,4,4,0.8611111111111112,4,8,2,5,3,2,3,6,4,5.166666666666667,6640.0,2,0.5858433734939759,1.0,True
0,goods_7x8,goods,7,8,CPU_MID|RAM_64|SSD_4TB|SSD_2TB|CPU_HI|MB_STD|GPU_VALUE,office_user|creative_professional|software_developer|system_integrator|overclocker|small_business_it|minimalist_user|ai_researcher,5,4,0.75,6,10,2,6,3,2,3,7,3,6,7045.0,3,0.5521646557842441,1.0,True
0,bidders_8x7,bidders,8,7,CPU_MID|RAM_64|SSD_4TB|SSD_2TB|CPU_HI|MB_STD|GPU_VALUE|RAM_32,office_user|creative_professional|software_developer|system_integrator|overclocker|small_business_it|minimalist_user,5,4,0.7678571428571429,5,13,3,6,5,4,5,8,3,5.375,7215.0,4,0.5391545391545391,1.0,True
0,joint_7x7,joint,7,7,CPU_MID|RAM_64|SSD_4TB|SSD_2TB|CPU_HI|MB_STD|GPU_VALUE,office_user|creative_professional|software_developer|system_integrator|overclocker|small_business_it|minimalist_user,5,4,0.7551020408163265,5,8,2,5,3,2,3,7,3,5.285714285714286,7045.0,3,0.5521646557842441,1.0,True
0,anchor_8x8,anchor,8,8,CPU_MID|RAM_64|SSD_4TB|SSD_2TB|CPU_HI|MB_STD|GPU_VALUE|RAM_32,office_user|creative_professional|software_developer|system_integrator|overclocker|small_business_it|minimalist_user|ai_researcher,5,4,0.765625,6,16,3,7,5,4,5,8,3,6.125,7345.0,4,0.5296119809394145,1.0,True
0,goods_9x8,goods,9,8,CPU_MID|RAM_64|SSD_4TB|SSD_2TB|CPU_HI|MB_STD|GPU_VALUE|RAM_32|COOL_AIO,office_user|creative_professional|software_developer|system_integrator|overclocker|small_business_it|minimalist_user|ai_researcher,6,4,0.7638888888888888,6,16,3,7,5,4,5,9,3,6.111111111111111,7675.0,4,0.5068403908794789,1.0,True
0,bidders_8x9,bidders,8,9,CPU_MID|RAM_64|SSD_4TB|SSD_2TB|CPU_HI|MB_STD|GPU_VALUE|RAM_32,office_user|creative_professional|software_developer|system_integrator|overclocker|small_business_it|minimalist_user|ai_researcher|streamer_creator,5,4,0.7638888888888888,7,18,3,8,5,4,5,8,3,6.875,7345.0,4,0.5296119809394145,1.0,True
0,joint_9x9,joint,9,9,CPU_MID|RAM_64|SSD_4TB|SSD_2TB|CPU_HI|MB_STD|GPU_VALUE|RAM_32|COOL_AIO,office_user|creative_professional|software_developer|system_integrator|overclocker|small_business_it|minimalist_user|ai_researcher|streamer_creator,6,4,0.7654320987654321,7,18,3,8,5,4,5,9,3,6.888888888888889,7675.0,4,0.5068403908794789,1.0,True
0,goods_10x8,goods,10,8,CPU_MID|RAM_64|SSD_4TB|SSD_2TB|CPU_HI|MB_STD|GPU_VALUE|RAM_32|COOL_AIO|CASE_ATX,office_user|creative_professional|software_developer|system_integrator|overclocker|small_business_it|minimalist_user|ai_researcher,7,4,0.7875,6,16,3,7,7,6,6,10,3,6.3,8040.0,3,0.5796019900497512,1.0,True
0,bidders_8x10,bidders,8,10,CPU_MID|RAM_64|SSD_4TB|SSD_2TB|CPU_HI|MB_STD|GPU_VALUE|RAM_32,office_user|creative_professional|software_developer|system_integrator|overclocker|small_business_it|minimalist_user|ai_researcher|streamer_creator|home_server_operator,5,4,0.7875,7,21,3,9,5,4,5,8,4,7.875,7345.0,4,0.5296119809394145,1.0,True
0,joint_10x10,joint,10,10,CPU_MID|RAM_64|SSD_4TB|SSD_2TB|CPU_HI|MB_STD|GPU_VALUE|RAM_32|COOL_AIO|CASE_ATX,office_user|creative_professional|software_developer|system_integrator|overclocker|small_business_it|minimalist_user|ai_researcher|streamer_creator|home_server_operator,7,4,0.8,8,21,3,9,8,6,7,10,4,8,8040.0,3,0.5796019900497512,1.0,True
1,goods_4x8,goods,4,8,CPU_MID|RAM_128|SSD_4TB|SSD_2TB,value_gamer|ai_researcher|creative_professional|component_reseller|enthusiast_gamer|office_user|small_business_it|data_analyst,3,4,0.875,4,5,1,5,1,1,1,4,6,7,4494.0,2,0.5629728526924789,1.0,True
1,bidders_8x4,bidders,8,4,CPU_MID|RAM_128|SSD_4TB|SSD_2TB|COOL_AIO|CPU_HI|PSU_1000|RAM_64,value_gamer|ai_researcher|creative_professional|component_reseller,5,3,0.96875,1,11,3,4,3,3,3,8,3,3.875,7570.0,2,0.655217965653897,1.0,True
1,joint_4x4,joint,4,4,CPU_MID|RAM_128|SSD_4TB|SSD_2TB,value_gamer|ai_researcher|creative_professional|component_reseller,3,3,0.9375,1,3,1,3,1,1,1,4,3,3.75,4264.0,2,0.6599437148217636,1.0,True
1,goods_5x8,goods,5,8,CPU_MID|RAM_128|SSD_4TB|SSD_2TB|COOL_AIO,value_gamer|ai_researcher|creative_professional|component_reseller|enthusiast_gamer|office_user|small_business_it|data_analyst,4,4,0.875,4,5,1,5,2,2,2,5,6,7,4824.0,2,0.5244610281923715,1.0,True
1,bidders_8x5,bidders,8,5,CPU_MID|RAM_128|SSD_4TB|SSD_2TB|COOL_AIO|CPU_HI|PSU_1000|RAM_64,value_gamer|ai_researcher|creative_professional|component_reseller|enthusiast_gamer,5,3,0.95,2,12,3,5,3,3,3,8,4,4.75,7570.0,2,0.655217965653897,1.0,True
1,joint_5x5,joint,5,5,CPU_MID|RAM_128|SSD_4TB|SSD_2TB|COOL_AIO,value_gamer|ai_researcher|creative_professional|component_reseller|enthusiast_gamer,4,3,0.92,2,3,1,3,2,2,2,5,4,4.6,4594.0,2,0.6843709185894645,1.0,True
1,goods_6x8,goods,6,8,CPU_MID|RAM_128|SSD_4TB|SSD_2TB|COOL_AIO|CPU_HI,value_gamer|ai_researcher|creative_professional|component_reseller|enthusiast_gamer|office_user|small_business_it|data_analyst,4,4,0.8541666666666666,4,11,2,7,3,3,3,6,6,6.833333333333333,6640.0,2,0.7469879518072289,1.0,True
1,bidders_8x6,bidders,8,6,CPU_MID|RAM_128|SSD_4TB|SSD_2TB|COOL_AIO|CPU_HI|PSU_1000|RAM_64,value_gamer|ai_researcher|creative_professional|component_reseller|enthusiast_gamer|office_user,5,4,0.8958333333333334,3,13,3,6,3,3,3,8,4,5.375,7570.0,2,0.655217965653897,1.0,True
1,joint_6x6,joint,6,6,CPU_MID|RAM_128|SSD_4TB|SSD_2TB|COOL_AIO|CPU_HI,value_gamer|ai_researcher|creative_professional|component_reseller|enthusiast_gamer|office_user,4,4,0.8611111111111112,3,8,2,5,3,3,3,6,4,5.166666666666667,6430.0,2,0.7713841368584758,1.0,True
1,goods_7x8,goods,7,8,CPU_MID|RAM_128|SSD_4TB|SSD_2TB|COOL_AIO|CPU_HI|PSU_1000,value_gamer|ai_researcher|creative_professional|component_reseller|enthusiast_gamer|office_user|small_business_it|data_analyst,5,4,0.875,4,11,2,7,3,3,3,7,6,7,7050.0,3,0.7035460992907802,1.0,True
1,bidders_8x7,bidders,8,7,CPU_MID|RAM_128|SSD_4TB|SSD_2TB|COOL_AIO|CPU_HI|PSU_1000|RAM_64,value_gamer|ai_researcher|creative_professional|component_reseller|enthusiast_gamer|office_user|small_business_it,5,4,0.875,4,14,3,7,3,3,3,8,5,6.125,7570.0,2,0.655217965653897,1.0,True
1,joint_7x7,joint,7,7,CPU_MID|RAM_128|SSD_4TB|SSD_2TB|COOL_AIO|CPU_HI|PSU_1000,value_gamer|ai_researcher|creative_professional|component_reseller|enthusiast_gamer|office_user|small_business_it,5,4,0.8571428571428571,4,9,2,6,3,3,3,7,5,6,6840.0,2,0.7251461988304093,1.0,True
1,anchor_8x8,anchor,8,8,CPU_MID|RAM_128|SSD_4TB|SSD_2TB|COOL_AIO|CPU_HI|PSU_1000|RAM_64,value_gamer|ai_researcher|creative_professional|component_reseller|enthusiast_gamer|office_user|small_business_it|data_analyst,5,4,0.890625,4,17,3,8,3,3,3,8,6,7.125,7930.0,3,0.6254728877679697,1.0,True
1,goods_9x8,goods,9,8,CPU_MID|RAM_128|SSD_4TB|SSD_2TB|COOL_AIO|CPU_HI|PSU_1000|RAM_64|GPU_VALUE,value_gamer|ai_researcher|creative_professional|component_reseller|enthusiast_gamer|office_user|small_business_it|data_analyst,6,4,0.8611111111111112,6,17,3,8,3,3,3,9,5,6.888888888888889,8410.0,4,0.5897740784780023,1.0,True
1,bidders_8x9,bidders,8,9,CPU_MID|RAM_128|SSD_4TB|SSD_2TB|COOL_AIO|CPU_HI|PSU_1000|RAM_64,value_gamer|ai_researcher|creative_professional|component_reseller|enthusiast_gamer|office_user|small_business_it|data_analyst|overclocker,5,4,0.875,5,18,3,9,3,3,3,8,6,7.875,7930.0,3,0.6254728877679697,1.0,True
1,joint_9x9,joint,9,9,CPU_MID|RAM_128|SSD_4TB|SSD_2TB|COOL_AIO|CPU_HI|PSU_1000|RAM_64|GPU_VALUE,value_gamer|ai_researcher|creative_professional|component_reseller|enthusiast_gamer|office_user|small_business_it|data_analyst|overclocker,6,4,0.8395061728395061,7,18,3,9,3,3,3,9,5,7.555555555555555,8410.0,4,0.5897740784780023,1.0,True
1,goods_10x8,goods,10,8,CPU_MID|RAM_128|SSD_4TB|SSD_2TB|COOL_AIO|CPU_HI|PSU_1000|RAM_64|GPU_VALUE|CASE_ATX,value_gamer|ai_researcher|creative_professional|component_reseller|enthusiast_gamer|office_user|small_business_it|data_analyst,7,4,0.875,6,17,3,8,6,5,5,10,5,7,8844.0,4,0.5658073270013568,1.0,True
1,bidders_8x10,bidders,8,10,CPU_MID|RAM_128|SSD_4TB|SSD_2TB|COOL_AIO|CPU_HI|PSU_1000|RAM_64,value_gamer|ai_researcher|creative_professional|component_reseller|enthusiast_gamer|office_user|small_business_it|data_analyst|overclocker|family_pc_buyer,5,4,0.85,6,18,3,9,3,3,3,8,6,8.5,7930.0,3,0.6254728877679697,1.0,True
1,joint_10x10,joint,10,10,CPU_MID|RAM_128|SSD_4TB|SSD_2TB|COOL_AIO|CPU_HI|PSU_1000|RAM_64|GPU_VALUE|CASE_ATX,value_gamer|ai_researcher|creative_professional|component_reseller|enthusiast_gamer|office_user|small_business_it|data_analyst|overclocker|family_pc_buyer,7,4,0.84,8,18,3,9,6,5,5,10,6,8.4,8844.0,4,0.5658073270013568,1.0,True
2,goods_4x8,goods,4,8,GPU_GAM_HI|GPU_VALUE|SSD_2TB|CASE_ATX,value_gamer|streamer_creator|family_pc_buyer|creative_professional|home_server_operator|software_developer|student_builder|enthusiast_gamer,3,4,0.8125,5,3,1,3,2,2,2,4,5,6.5,3560.0,2,0.5898876404494382,1.0,True
2,bidders_8x4,bidders,8,4,GPU_GAM_HI|GPU_VALUE|SSD_2TB|CASE_ATX|GPU_AI|COOL_AIO|SSD_4TB|PSU_1000,value_gamer|streamer_creator|family_pc_buyer|creative_professional,5,3,0.8125,4,5,3,4,3,3,3,8,2,3.25,7454.0,3,0.7397370539307754,1.0,True
2,joint_4x4,joint,4,4,GPU_GAM_HI|GPU_VALUE|SSD_2TB|CASE_ATX,value_gamer|streamer_creator|family_pc_buyer|creative_professional,3,3,0.875,2,2,1,2,1,1,1,4,2,3.5,3370.0,2,0.884272997032641,1.0,True
2,goods_5x8,goods,5,8,GPU_GAM_HI|GPU_VALUE|SSD_2TB|CASE_ATX|GPU_AI,value_gamer|streamer_creator|family_pc_buyer|creative_professional|home_server_operator|software_developer|student_builder|enthusiast_gamer,3,4,0.725,8,6,3,6,2,2,2,5,3,5.8,5560.0,3,0.45863309352517984,1.0,True
2,bidders_8x5,bidders,8,5,GPU_GAM_HI|GPU_VALUE|SSD_2TB|CASE_ATX|GPU_AI|COOL_AIO|SSD_4TB|PSU_1000,value_gamer|streamer_creator|family_pc_buyer|creative_professional|home_server_operator,5,4,0.775,5,6,3,5,3,3,3,8,2,3.875,7454.0,3,0.7397370539307754,1.0,True
2,joint_5x5,joint,5,5,GPU_GAM_HI|GPU_VALUE|SSD_2TB|CASE_ATX|GPU_AI,value_gamer|streamer_creator|family_pc_buyer|creative_professional|home_server_operator,3,4,0.76,5,4,2,4,1,1,1,5,2,3.8,5370.0,3,0.638733705772812,1.0,True
2,goods_6x8,goods,6,8,GPU_GAM_HI|GPU_VALUE|SSD_2TB|CASE_ATX|GPU_AI|COOL_AIO,value_gamer|streamer_creator|family_pc_buyer|creative_professional|home_server_operator|software_developer|student_builder|enthusiast_gamer,4,4,0.7083333333333334,8,6,3,6,2,2,2,6,3,5.666666666666667,5890.0,3,0.48896434634974534,1.0,True
2,bidders_8x6,bidders,8,6,GPU_GAM_HI|GPU_VALUE|SSD_2TB|CASE_ATX|GPU_AI|COOL_AIO|SSD_4TB|PSU_1000,value_gamer|streamer_creator|family_pc_buyer|creative_professional|home_server_operator|software_developer,5,4,0.7708333333333334,6,7,3,6,4,4,4,8,2,4.625,7550.0,3,0.6013245033112583,1.0,True
2,joint_6x6,joint,6,6,GPU_GAM_HI|GPU_VALUE|SSD_2TB|CASE_ATX|GPU_AI|COOL_AIO,value_gamer|streamer_creator|family_pc_buyer|creative_professional|home_server_operator|software_developer,4,4,0.7222222222222222,6,4,2,4,2,2,2,6,2,4.333333333333333,5890.0,3,0.48896434634974534,1.0,True
2,goods_7x8,goods,7,8,GPU_GAM_HI|GPU_VALUE|SSD_2TB|CASE_ATX|GPU_AI|COOL_AIO|SSD_4TB,value_gamer|streamer_creator|family_pc_buyer|creative_professional|home_server_operator|software_developer|student_builder|enthusiast_gamer,4,4,0.7321428571428571,8,9,4,8,3,3,3,7,3,5.857142857142857,7140.0,3,0.5784313725490197,1.0,True
2,bidders_8x7,bidders,8,7,GPU_GAM_HI|GPU_VALUE|SSD_2TB|CASE_ATX|GPU_AI|COOL_AIO|SSD_4TB|PSU_1000,value_gamer|streamer_creator|family_pc_buyer|creative_professional|home_server_operator|software_developer|student_builder,5,4,0.75,7,8,4,7,4,4,4,8,3,5.25,7550.0,3,0.6013245033112583,1.0,True
2,joint_7x7,joint,7,7,GPU_GAM_HI|GPU_VALUE|SSD_2TB|CASE_ATX|GPU_AI|COOL_AIO|SSD_4TB,value_gamer|streamer_creator|family_pc_buyer|creative_professional|home_server_operator|software_developer|student_builder,4,4,0.7142857142857143,7,8,4,7,3,3,3,7,3,5,7140.0,3,0.5784313725490197,1.0,True
2,anchor_8x8,anchor,8,8,GPU_GAM_HI|GPU_VALUE|SSD_2TB|CASE_ATX|GPU_AI|COOL_AIO|SSD_4TB|PSU_1000,value_gamer|streamer_creator|family_pc_buyer|creative_professional|home_server_operator|software_developer|student_builder|enthusiast_gamer,5,4,0.765625,8,9,4,8,4,4,4,8,3,6.125,7550.0,3,0.6013245033112583,1.0,True
2,goods_9x8,goods,9,8,GPU_GAM_HI|GPU_VALUE|SSD_2TB|CASE_ATX|GPU_AI|COOL_AIO|SSD_4TB|PSU_1000|RAM_32,value_gamer|streamer_creator|family_pc_buyer|creative_professional|home_server_operator|software_developer|student_builder|enthusiast_gamer,6,4,0.7777777777777778,8,9,4,8,4,4,4,9,3,6.222222222222222,7980.0,3,0.568922305764411,1.0,True
2,bidders_8x9,bidders,8,9,GPU_GAM_HI|GPU_VALUE|SSD_2TB|CASE_ATX|GPU_AI|COOL_AIO|SSD_4TB|PSU_1000,value_gamer|streamer_creator|family_pc_buyer|creative_professional|home_server_operator|software_developer|student_builder|enthusiast_gamer|system_integrator,5,4,0.7916666666666666,8,11,5,9,4,4,4,8,4,7.125,10650.0,3,0.4788732394366197,1.0,True
2,joint_9x9,joint,9,9,GPU_GAM_HI|GPU_VALUE|SSD_2TB|CASE_ATX|GPU_AI|COOL_AIO|SSD_4TB|PSU_1000|RAM_32,value_gamer|streamer_creator|family_pc_buyer|creative_professional|home_server_operator|software_developer|student_builder|enthusiast_gamer|system_integrator,6,4,0.8024691358024691,8,11,5,9,4,4,4,9,4,7.222222222222222,11080.0,3,0.4602888086642599,1.0,True
2,goods_10x8,goods,10,8,GPU_GAM_HI|GPU_VALUE|SSD_2TB|CASE_ATX|GPU_AI|COOL_AIO|SSD_4TB|PSU_1000|RAM_32|MB_STD,value_gamer|streamer_creator|family_pc_buyer|creative_professional|home_server_operator|software_developer|student_builder|enthusiast_gamer,7,4,0.775,8,9,4,8,4,4,4,10,3,6.2,8460.0,3,0.5366430260047281,1.0,True
2,bidders_8x10,bidders,8,10,GPU_GAM_HI|GPU_VALUE|SSD_2TB|CASE_ATX|GPU_AI|COOL_AIO|SSD_4TB|PSU_1000,value_gamer|streamer_creator|family_pc_buyer|creative_professional|home_server_operator|software_developer|student_builder|enthusiast_gamer|system_integrator|ai_researcher,5,4,0.8,9,13,5,10,4,4,4,8,5,8,10650.0,3,0.4788732394366197,1.0,True
2,joint_10x10,joint,10,10,GPU_GAM_HI|GPU_VALUE|SSD_2TB|CASE_ATX|GPU_AI|COOL_AIO|SSD_4TB|PSU_1000|RAM_32|MB_STD,value_gamer|streamer_creator|family_pc_buyer|creative_professional|home_server_operator|software_developer|student_builder|enthusiast_gamer|system_integrator|ai_researcher,7,4,0.8,9,13,5,10,4,4,4,10,5,8,11560.0,3,0.4411764705882353,1.0,True
3,goods_4x8,goods,4,8,GPU_VALUE|RAM_64|SSD_4TB|SSD_2TB,enthusiast_gamer|creative_professional|software_developer|home_server_operator|office_user|system_integrator|ai_researcher|overclocker,3,4,0.8125,4,5,1,5,1,1,1,4,4,6.5,3364.0,3,0.5838287752675386,1.0,True
3,bidders_8x4,bidders,8,4,GPU_VALUE|RAM_64|SSD_4TB|SSD_2TB|GPU_GAM_HI|PSU_1000|CASE_ATX|RAM_32,enthusiast_gamer|creative_professional|software_developer|home_server_operator,5,3,0.875,3,7,3,4,4,4,4,8,2,3.5,6380.0,2,0.7037617554858934,1.0,True
3,joint_4x4,joint,4,4,GPU_VALUE|RAM_64|SSD_4TB|SSD_2TB,enthusiast_gamer|creative_professional|software_developer|home_server_operator,3,3,0.9375,1,3,1,3,1,1,1,4,3,3.75,3364.0,3,0.5838287752675386,1.0,True
3,goods_5x8,goods,5,8,GPU_VALUE|RAM_64|SSD_4TB|SSD_2TB|GPU_GAM_HI,enthusiast_gamer|creative_professional|software_developer|home_server_operator|office_user|system_integrator|ai_researcher|overclocker,3,4,0.775,6,7,2,6,2,2,2,5,4,6.2,5464.0,3,0.7437774524158126,1.0,True
3,bidders_8x5,bidders,8,5,GPU_VALUE|RAM_64|SSD_4TB|SSD_2TB|GPU_GAM_HI|PSU_1000|CASE_ATX|RAM_32,enthusiast_gamer|creative_professional|software_developer|home_server_operator|office_user,5,4,0.825,4,8,3,5,4,4,4,8,2,4.125,6380.0,2,0.7037617554858934,1.0,True
3,joint_5x5,joint,5,5,GPU_VALUE|RAM_64|SSD_4TB|SSD_2TB|GPU_GAM_HI,enthusiast_gamer|creative_professional|software_developer|home_server_operator|office_user,3,4,0.76,4,4,2,4,2,2,2,5,2,3.8,5464.0,3,0.7437774524158126,1.0,True
3,goods_6x8,goods,6,8,GPU_VALUE|RAM_64|SSD_4TB|SSD_2TB|GPU_GAM_HI|PSU_1000,enthusiast_gamer|creative_professional|software_developer|home_server_operator|office_user|system_integrator|ai_researcher|overclocker,4,4,0.8125,6,7,2,6,2,2,2,6,4,6.5,5874.0,3,0.7616615594143684,1.0,True
3,bidders_8x6,bidders,8,6,GPU_VALUE|RAM_64|SSD_4TB|SSD_2TB|GPU_GAM_HI|PSU_1000|CASE_ATX|RAM_32,enthusiast_gamer|creative_professional|software_developer|home_server_operator|office_user|system_integrator,5,4,0.8541666666666666,4,11,3,6,4,4,4,8,3,5.125,6380.0,2,0.7037617554858934,1.0,True
3,joint_6x6,joint,6,6,GPU_VALUE|RAM_64|SSD_4TB|SSD_2TB|GPU_GAM_HI|PSU_1000,enthusiast_gamer|creative_professional|software_developer|home_server_operator|office_user|system_integrator,4,4,0.8333333333333334,4,6,2,5,2,2,2,6,3,5,5874.0,3,0.7616615594143684,1.0,True
3,goods_7x8,goods,7,8,GPU_VALUE|RAM_64|SSD_4TB|SSD_2TB|GPU_GAM_HI|PSU_1000|CASE_ATX,enthusiast_gamer|creative_professional|software_developer|home_server_operator|office_user|system_integrator|ai_researcher|overclocker,5,4,0.8392857142857143,6,7,2,6,4,4,4,7,4,6.714285714285714,6140.0,2,0.6123778501628665,1.0,True
3,bidders_8x7,bidders,8,7,GPU_VALUE|RAM_64|SSD_4TB|SSD_2TB|GPU_GAM_HI|PSU_1000|CASE_ATX|RAM_32,enthusiast_gamer|creative_professional|software_developer|home_server_operator|office_user|system_integrator|ai_researcher,5,4,0.8571428571428571,5,13,3,7,4,4,4,8,4,6,6440.0,3,0.5838509316770186,1.0,True
3,joint_7x7,joint,7,7,GPU_VALUE|RAM_64|SSD_4TB|SSD_2TB|GPU_GAM_HI|PSU_1000|CASE_ATX,enthusiast_gamer|creative_professional|software_developer|home_server_operator|office_user|system_integrator|ai_researcher,5,4,0.8571428571428571,5,7,2,6,4,4,4,7,4,6,6140.0,2,0.6123778501628665,1.0,True
3,anchor_8x8,anchor,8,8,GPU_VALUE|RAM_64|SSD_4TB|SSD_2TB|GPU_GAM_HI|PSU_1000|CASE_ATX|RAM_32,enthusiast_gamer|creative_professional|software_developer|home_server_operator|office_user|system_integrator|ai_researcher|overclocker,5,4,0.84375,6,14,3,8,4,4,4,8,4,6.75,6440.0,3,0.5838509316770186,1.0,True
3,goods_9x8,goods,9,8,GPU_VALUE|RAM_64|SSD_4TB|SSD_2TB|GPU_GAM_HI|PSU_1000|CASE_ATX|RAM_32|CPU_MID,enthusiast_gamer|creative_professional|software_developer|home_server_operator|office_user|system_integrator|ai_researcher|overclocker,6,4,0.8611111111111112,6,14,3,8,4,4,4,9,4,6.888888888888889,7420.0,3,0.5067385444743935,1.0,True
3,bidders_8x9,bidders,8,9,GPU_VALUE|RAM_64|SSD_4TB|SSD_2TB|GPU_GAM_HI|PSU_1000|CASE_ATX|RAM_32,enthusiast_gamer|creative_professional|software_developer|home_server_operator|office_user|system_integrator|ai_researcher|overclocker|family_pc_buyer,5,4,0.8611111111111112,6,16,3,9,4,4,4,8,5,7.75,6440.0,3,0.5838509316770186,1.0,True
3,joint_9x9,joint,9,9,GPU_VALUE|RAM_64|SSD_4TB|SSD_2TB|GPU_GAM_HI|PSU_1000|CASE_ATX|RAM_32|CPU_MID,enthusiast_gamer|creative_professional|software_developer|home_server_operator|office_user|system_integrator|ai_researcher|overclocker|family_pc_buyer,6,4,0.8765432098765432,6,16,3,9,4,4,4,9,5,7.888888888888889,7420.0,3,0.5067385444743935,1.0,True
3,goods_10x8,goods,10,8,GPU_VALUE|RAM_64|SSD_4TB|SSD_2TB|GPU_GAM_HI|PSU_1000|CASE_ATX|RAM_32|CPU_MID|MB_STD,enthusiast_gamer|creative_professional|software_developer|home_server_operator|office_user|system_integrator|ai_researcher|overclocker,7,4,0.85,6,14,3,8,8,7,6,10,4,6.8,8720.0,3,0.5344036697247706,1.0,True
3,bidders_8x10,bidders,8,10,GPU_VALUE|RAM_64|SSD_4TB|SSD_2TB|GPU_GAM_HI|PSU_1000|CASE_ATX|RAM_32,enthusiast_gamer|creative_professional|software_developer|home_server_operator|office_user|system_integrator|ai_researcher|overclocker|family_pc_buyer|component_reseller,5,4,0.875,6,19,3,10,4,4,4,8,6,8.75,6440.0,3,0.5838509316770186,1.0,True
3,joint_10x10,joint,10,10,GPU_VALUE|RAM_64|SSD_4TB|SSD_2TB|GPU_GAM_HI|PSU_1000|CASE_ATX|RAM_32|CPU_MID|MB_STD,enthusiast_gamer|creative_professional|software_developer|home_server_operator|office_user|system_integrator|ai_researcher|overclocker|family_pc_buyer|component_reseller,7,4,0.88,6,19,3,10,10,8,8,10,6,8.8,8720.0,3,0.5344036697247706,1.0,True
4,goods_4x8,goods,4,8,GPU_AI|GPU_GAM_HI|RAM_128|SSD_4TB,streamer_creator|student_builder|data_analyst|component_reseller|overclocker|family_pc_buyer|small_business_it|ai_researcher,3,4,0.71875,5,4,1,4,1,1,1,4,5,5.75,9130.0,3,0.5257393209200438,1.0,True
4,bidders_8x4,bidders,8,4,GPU_AI|GPU_GAM_HI|RAM_128|SSD_4TB|MB_PRO|GPU_VALUE|COOL_AIO|PSU_1000,streamer_creator|student_builder|data_analyst|component_reseller,6,4,0.875,3,4,3,4,3,3,3,8,2,3.5,10760.0,3,0.44609665427509293,1.0,True
4,joint_4x4,joint,4,4,GPU_AI|GPU_GAM_HI|RAM_128|SSD_4TB,streamer_creator|student_builder|data_analyst|component_reseller,3,4,0.875,2,2,1,2,1,1,1,4,2,3.5,9030.0,3,0.53156146179402,1.0,True
4,goods_5x8,goods,5,8,GPU_AI|GPU_GAM_HI|RAM_128|SSD_4TB|MB_PRO,streamer_creator|student_builder|data_analyst|component_reseller|overclocker|family_pc_buyer|small_business_it|ai_researcher,4,4,0.75,5,4,1,4,2,2,2,5,5,6,9980.0,3,0.48096192384769537,1.0,True
4,bidders_8x5,bidders,8,5,GPU_AI|GPU_GAM_HI|RAM_128|SSD_4TB|MB_PRO|GPU_VALUE|COOL_AIO|PSU_1000,streamer_creator|student_builder|data_analyst|component_reseller|overclocker,6,4,0.825,4,5,3,5,3,3,3,8,3,4.125,10840.0,4,0.44280442804428044,1.0,True
4,joint_5x5,joint,5,5,GPU_AI|GPU_GAM_HI|RAM_128|SSD_4TB|MB_PRO,streamer_creator|student_builder|data_analyst|component_reseller|overclocker,4,4,0.84,3,3,1,3,2,2,2,5,3,4.2,9750.0,3,0.49230769230769234,1.0,True
4,goods_6x8,goods,6,8,GPU_AI|GPU_GAM_HI|RAM_128|SSD_4TB|MB_PRO|GPU_VALUE,streamer_creator|student_builder|data_analyst|component_reseller|overclocker|family_pc_buyer|small_business_it|ai_researcher,4,4,0.7291666666666666,7,7,4,7,2,2,2,6,5,5.833333333333333,10440.0,3,0.45977011494252873,1.0,True
4,bidders_8x6,bidders,8,6,GPU_AI|GPU_GAM_HI|RAM_128|SSD_4TB|MB_PRO|GPU_VALUE|COOL_AIO|PSU_1000,streamer_creator|student_builder|data_analyst|component_reseller|overclocker|family_pc_buyer,6,4,0.7708333333333334,5,6,4,6,3,3,3,8,4,4.625,10840.0,4,0.44280442804428044,1.0,True
4,joint_6x6,joint,6,6,GPU_AI|GPU_GAM_HI|RAM_128|SSD_4TB|MB_PRO|GPU_VALUE,streamer_creator|student_builder|data_analyst|component_reseller|overclocker|family_pc_buyer,4,4,0.75,5,6,4,6,2,2,2,6,4,4.5,10210.0,3,0.4701273261508325,1.0,True
4,goods_7x8,goods,7,8,GPU_AI|GPU_GAM_HI|RAM_128|SSD_4TB|MB_PRO|GPU_VALUE|COOL_AIO,streamer_creator|student_builder|data_analyst|component_reseller|overclocker|family_pc_buyer|small_business_it|ai_researcher,5,4,0.7321428571428571,7,7,4,7,2,2,2,7,5,5.857142857142857,10750.0,3,0.44651162790697674,1.0,True
4,bidders_8x7,bidders,8,7,GPU_AI|GPU_GAM_HI|RAM_128|SSD_4TB|MB_PRO|GPU_VALUE|COOL_AIO|PSU_1000,streamer_creator|student_builder|data_analyst|component_reseller|overclocker|family_pc_buyer|small_business_it,6,4,0.75,6,6,4,6,3,3,3,8,4,5.25,10840.0,4,0.44280442804428044,1.0,True
4,joint_7x7,joint,7,7,GPU_AI|GPU_GAM_HI|RAM_128|SSD_4TB|MB_PRO|GPU_VALUE|COOL_AIO,streamer_creator|student_builder|data_analyst|component_reseller|overclocker|family_pc_buyer|small_business_it,5,4,0.7142857142857143,6,6,4,6,2,2,2,7,4,5,10510.0,4,0.45670789724072314,1.0,True
4,anchor_8x8,anchor,8,8,GPU_AI|GPU_GAM_HI|RAM_128|SSD_4TB|MB_PRO|GPU_VALUE|COOL_AIO|PSU_1000,streamer_creator|student_builder|data_analyst|component_reseller|overclocker|family_pc_buyer|small_business_it|ai_researcher,6,4,0.765625,7,7,4,7,4,4,4,8,5,6.125,11840.0,3,0.7305743243243243,1.0,True
4,goods_9x8,goods,9,8,GPU_AI|GPU_GAM_HI|RAM_128|SSD_4TB|MB_PRO|GPU_VALUE|COOL_AIO|PSU_1000|SSD_2TB,streamer_creator|student_builder|data_analyst|component_reseller|overclocker|family_pc_buyer|small_business_it|ai_researcher,6,4,0.7916666666666666,7,11,5,8,4,4,4,9,5,6.333333333333333,12270.0,3,0.7400162999185004,1.0,True
4,bidders_8x9,bidders,8,9,GPU_AI|GPU_GAM_HI|RAM_128|SSD_4TB|MB_PRO|GPU_VALUE|COOL_AIO|PSU_1000,streamer_creator|student_builder|data_analyst|component_reseller|overclocker|family_pc_buyer|small_business_it|ai_researcher|enthusiast_gamer,6,4,0.7638888888888888,8,8,4,8,4,4,4,8,5,6.875,11860.0,4,0.7293423271500843,1.0,True
4,joint_9x9,joint,9,9,GPU_AI|GPU_GAM_HI|RAM_128|SSD_4TB|MB_PRO|GPU_VALUE|COOL_AIO|PSU_1000|SSD_2TB,streamer_creator|student_builder|data_analyst|component_reseller|overclocker|family_pc_buyer|small_business_it|ai_researcher|enthusiast_gamer,6,4,0.7901234567901234,8,12,5,9,4,4,4,9,5,7.111111111111111,12290.0,4,0.7388120423108218,1.0,True
4,goods_10x8,goods,10,8,GPU_AI|GPU_GAM_HI|RAM_128|SSD_4TB|MB_PRO|GPU_VALUE|COOL_AIO|PSU_1000|SSD_2TB|RAM_32,streamer_creator|student_builder|data_analyst|component_reseller|overclocker|family_pc_buyer|small_business_it|ai_researcher,6,4,0.8,7,15,6,8,4,4,4,10,5,6.4,12450.0,3,0.7293172690763052,1.0,True
4,bidders_8x10,bidders,8,10,GPU_AI|GPU_GAM_HI|RAM_128|SSD_4TB|MB_PRO|GPU_VALUE|COOL_AIO|PSU_1000,streamer_creator|student_builder|data_analyst|component_reseller|overclocker|family_pc_buyer|small_business_it|ai_researcher|enthusiast_gamer|minimalist_user,6,4,0.7,9,8,4,8,4,4,4,8,5,7,11860.0,4,0.7293423271500843,1.0,True
4,joint_10x10,joint,10,10,GPU_AI|GPU_GAM_HI|RAM_128|SSD_4TB|MB_PRO|GPU_VALUE|COOL_AIO|PSU_1000|SSD_2TB|RAM_32,streamer_creator|student_builder|data_analyst|component_reseller|overclocker|family_pc_buyer|small_business_it|ai_researcher|enthusiast_gamer|minimalist_user,6,4,0.75,9,16,6,9,4,4,4,10,5,7.5,12470.0,4,0.7281475541299118,1.0,True
