seed,case,series,x_value,num_goods,num_bidders,initial_efficiency,sealed_efficiency,clock_efficiency,sealed_efficiency_gain,clock_efficiency_gain,clock_minus_sealed_efficiency,sealed_value_queries,clock_value_queries,sealed_rounds,clock_rounds,sealed_payment_error_over_optimum_welfare,clock_payment_error_over_optimum_welfare,sealed_revenue_error_over_optimum_welfare,clock_revenue_error_over_optimum_welfare,sealed_revenue_loss,clock_revenue_loss,sealed_allocation_match,clock_allocation_match,sealed_termination_reason,clock_termination_reason,clock_failure_classification,clock_best_efficiency,clock_final_minus_best_welfare
0,anchor_8x8,anchor,8,8,8,0.9618788291354663,1.0,0.9823008849557522,0.038121170864533704,0.02042205582028589,-0.017699115044247815,16,7,4,22,0.17486861810755613,0.19963866575901967,0.17486861810755613,0.15945350578624912,0.2463387034906022,0.2246233218258534,True,False,no_eligible_refinements,no_excess_demand,refined_but_miscalibrated,0.9823008849557522,0.0
0,bidders_8x10,bidders,10,8,10,0.9618788291354663,0.9836623553437712,0.9823008849557522,0.021783526208304926,0.02042205582028589,-0.001361470388019037,15,6,3,22,0.18808795098706596,0.20300939414567726,0.1417979577944179,0.15880571817562966,0.19936944869831535,0.2232825421133231,False,False,no_eligible_refinements,no_excess_demand,refined_but_miscalibrated,0.9823008849557522,0.0
0,bidders_8x4,bidders,4,8,4,1.0,1.0,1.0,0.0,0.0,0.0,14,5,6,15,0.08028228395923494,0.07733100656149665,0.08028228395923494,0.07625603797291634,0.14944438669438667,0.14194958419958414,True,True,no_eligible_refinements,no_excess_demand,no_failure_global,1.0,0.0
0,bidders_8x5,bidders,5,8,5,1.0,1.0,1.0,0.0,0.0,0.0,16,6,7,18,0.11950159390159386,0.12744421344421336,0.11950159390159386,0.12744421344421336,0.21257495069033525,0.2267036489151872,True,True,no_eligible_refinements,no_excess_demand,no_failure_global,1.0,0.0
0,bidders_8x6,bidders,6,8,6,1.0,1.0,1.0,0.0,0.0,0.0,21,7,7,18,0.11794733194733192,0.08841912681912675,0.11794733194733192,0.08431046431046421,0.20981015779092696,0.14997534516765268,True,True,no_eligible_refinements,no_excess_demand,no_failure_global,1.0,0.0
0,bidders_8x7,bidders,7,8,7,1.0,1.0,1.0,0.0,0.0,0.0,21,7,7,18,0.11794733194733192,0.08841912681912675,0.11794733194733192,0.08431046431046421,0.20981015779092696,0.14997534516765268,True,True,no_eligible_refinements,no_excess_demand,no_failure_global,1.0,0.0
0,bidders_8x9,bidders,9,8,9,0.9618788291354663,1.0,0.9823008849557522,0.038121170864533704,0.02042205582028589,-0.017699115044247815,15,6,4,22,0.17557113682777395,0.20100013614703874,0.17557113682777395,0.16081497617426818,0.24685490045941802,0.22610758039816226,True,False,no_eligible_refinements,no_excess_demand,refined_but_miscalibrated,0.9823008849557522,0.0
0,goods_10x8,goods,10,10,8,0.8736318407960199,0.877363184079602,0.8823383084577114,0.003731343283582156,0.008706467661691586,0.00497512437810943,11,11,4,25,0.2948716417910448,0.32936840796019895,0.1555681592039801,0.19006492537313424,0.21568684255906193,0.26351474392136565,False,False,no_eligible_refinements,no_excess_demand,refined_but_miscalibrated,0.8823383084577114,0.0
0,goods_4x8,goods,4,4,8,0.4571687370600414,0.9663561076604554,0.8356625258799172,0.509187370600414,0.3784937888198758,-0.13069358178053825,15,8,5,13,0.504399585921325,0.5031428571428572,0.18141821946169773,0.3656459627329192,0.2190625,0.44151749999999995,False,False,no_eligible_refinements,no_excess_demand,refined_but_miscalibrated,0.8356625258799172,0.0
0,goods_5x8,goods,5,5,8,0.9328859060402684,0.9328859060402684,0.9272930648769575,0.0,-0.005592841163310935,-0.005592841163310935,7,4,3,28,0.5954578672632364,0.43592654735272185,0.33683519761372105,0.2923769574944072,0.40329999999999994,0.3500691964285714,False,False,no_eligible_refinements,no_excess_demand,refined_but_miscalibrated,0.9328859060402684,-30.0
0,goods_6x8,goods,6,6,8,0.8093373493975904,0.8093373493975904,0.8560240963855422,0.0,0.04668674698795183,0.04668674698795183,24,13,7,25,0.5616698795180722,0.2914213855421686,0.18516385542168673,0.07154186746987945,0.2624867634500427,0.10141716481639615,False,False,no_eligible_refinements,no_excess_demand,refined_but_miscalibrated,0.8560240963855422,0.0
0,goods_7x8,goods,7,7,8,0.8202980837473386,0.8202980837473386,0.6719659332860185,0.0,-0.1483321504613201,-0.1483321504613201,15,4,4,25,0.5890325053229241,0.5413978708303762,0.2341709013484741,0.14958864442867278,0.32513480488766255,0.20769649191959003,False,False,no_eligible_refinements,no_excess_demand,late_refinement_worsened_final_allocation,0.8202980837473386,-1045.0
0,goods_9x8,goods,9,9,8,0.593029315960912,0.7102931596091205,0.607100977198697,0.11726384364820852,0.014071661237785027,-0.1031921824104235,28,3,8,18,0.9931400651465797,1.0319549185667751,0.1635656026058633,0.2615955700325733,0.22725669804489518,0.3634587255611876,False,False,no_eligible_refinements,no_excess_demand,refined_but_miscalibrated,0.607100977198697,0.0
0,joint_10x10,joint,10,10,10,0.8736318407960199,0.877363184079602,0.8823383084577114,0.003731343283582156,0.008706467661691586,0.00497512437810943,11,11,4,25,0.28445,0.32812462686567156,0.14763407960199007,0.19130870646766163,0.20433430883112413,0.26478257875710093,False,False,no_eligible_refinements,no_excess_demand,refined_but_miscalibrated,0.8823383084577114,0.0
0,joint_4x4,joint,4,4,4,0.8356625258799172,1.0,0.8356625258799172,0.16433747412008282,0.0,-0.16433747412008282,8,9,3,12,0.22827846790890274,0.5300300207039338,0.22827846790890274,0.46274223602484466,0.3134570007107321,0.6354072494669509,True,False,no_eligible_refinements,no_excess_demand,refined_but_miscalibrated,0.8356625258799172,0.0
0,joint_5x5,joint,5,5,5,0.8750932140193886,0.9105145413870246,0.8620432513049963,0.035421327367636035,-0.013049962714392294,-0.04847129008202833,14,4,6,21,0.18313012677106635,0.315494034302759,0.022802013422818783,0.17792878448918714,0.036575956937799026,0.2854096889952153,False,False,no_eligible_refinements,no_excess_demand,refined_but_miscalibrated,0.8750932140193886,-70.0
0,joint_6x6,joint,6,6,6,1.0,1.0,0.7618975903614458,0.0,-0.23810240963855422,-0.23810240963855422,9,13,4,18,0.038600000000000016,0.43262861445783124,0.038600000000000016,0.1493430722891566,-0.07223900789177004,0.2794921082299887,True,False,no_eligible_refinements,no_excess_demand,late_refinement_worsened_final_allocation,1.0,-1581.0
0,joint_7x7,joint,7,7,7,0.6719659332860185,0.9978708303761533,0.8997870830376153,0.3259048970901348,0.22782114975159684,-0.09808374733853797,10,6,3,18,0.096316252661462,0.15230347764371896,0.03379304471256199,0.05872732434350596,0.0604550533265615,0.1050619603859826,False,False,no_eligible_refinements,no_excess_demand,refined_but_miscalibrated,0.8997870830376153,0.0
0,joint_9x9,joint,9,9,9,0.6555700325732899,0.8923778501628664,0.607100977198697,0.23680781758957647,-0.048469055374592895,-0.28527687296416937,32,3,9,18,0.2866514657980456,1.040266319218241,0.1785925732899022,0.2532841693811075,0.24768666425731828,0.35127502710516806,False,False,no_eligible_refinements,no_excess_demand,refined_but_miscalibrated,0.6555700325732899,-372.0
1,anchor_8x8,anchor,8,8,8,0.9349306431273644,0.9962168978562421,0.9596469104665826,0.06128625472887772,0.024716267339218168,-0.03656998738965955,21,5,6,25,0.21973543505674648,0.30558814627994946,0.16018234552332913,0.24603505674653214,0.17931197063805762,0.2754175607001694,False,False,no_eligible_refinements,no_excess_demand,refined_but_miscalibrated,0.9596469104665826,0.0
1,bidders_8x10,bidders,10,8,10,0.9349306431273644,0.9962168978562421,0.9861286254728878,0.06128625472887772,0.05119798234552342,-0.010088272383354302,19,5,6,25,0.21415233291298855,0.24364438839848682,0.1545992433795712,0.17270163934426222,0.1730621118012422,0.19332636928289093,False,False,no_eligible_refinements,no_excess_demand,refined_but_miscalibrated,0.9861286254728878,0.0
1,bidders_8x4,bidders,4,8,4,0.9305151915455746,0.9305151915455746,0.9075297225891678,0.0,-0.02298546895640685,-0.02298546895640685,10,9,4,27,0.59520285336856,0.17584940554821657,0.1320875033025099,0.0710071334214003,0.20404089378634832,-0.10968758289970418,False,False,no_eligible_refinements,no_excess_demand,refined_but_miscalibrated,0.9305151915455746,-174.0
1,bidders_8x5,bidders,5,8,5,0.9305151915455746,0.9305151915455746,0.9233817701453104,0.0,-0.007133421400264184,-0.007133421400264184,12,9,5,25,0.5432287978863937,0.18302932628797888,0.1634369881109642,0.03591492734478218,0.24841240839273143,-0.054588093564903344,False,False,no_eligible_refinements,no_excess_demand,refined_but_miscalibrated,0.9305151915455746,-54.0
1,bidders_8x6,bidders,6,8,6,0.9305151915455746,0.9305151915455746,0.9233817701453104,0.0,-0.007133421400264184,-0.007133421400264184,12,9,5,25,0.5432287978863937,0.18470198150594444,0.1634369881109642,0.03758758256274775,0.24841240839273143,-0.0571304085935148,False,False,no_eligible_refinements,no_excess_demand,refined_but_miscalibrated,0.9305151915455746,-54.0
1,bidders_8x7,bidders,7,8,7,0.9173051519154557,0.9331571994715984,0.9233817701453104,0.015852047556142668,0.0060766182298547244,-0.009775429326287943,7,9,3,25,0.6437386525759577,0.18887793923381765,0.13311048877146628,0.041763540290620946,0.20231832145366924,-0.06347756249372564,False,False,no_eligible_refinements,no_excess_demand,refined_but_miscalibrated,0.9233817701453104,0.0
1,bidders_8x9,bidders,9,8,9,0.9349306431273644,0.9962168978562421,0.9861286254728878,0.06128625472887772,0.05119798234552342,-0.010088272383354302,19,5,6,25,0.21415233291298866,0.24364438839848682,0.15459924337957134,0.17270163934426222,0.17306211180124234,0.19332636928289093,False,False,no_eligible_refinements,no_excess_demand,refined_but_miscalibrated,0.9861286254728878,0.0
1,goods_10x8,goods,10,10,8,0.8536861148801448,0.8778833107191316,0.9294436906377205,0.02419719583898683,0.07575757575757569,0.05156037991858886,14,5,4,21,0.20868046132971502,0.7952713704206242,0.17023631840796016,0.3043464495703301,0.1856436498150431,0.3318914919852034,False,False,no_eligible_refinements,no_excess_demand,refined_but_miscalibrated,0.9294436906377205,0.0
1,goods_4x8,goods,4,4,8,0.9488206497552292,1.0,0.9488206497552292,0.05117935024477083,0.0,-0.05117935024477083,16,10,5,37,0.00240765465064524,0.8737205162438807,0.00240765465064524,0.14986648865153537,0.0027672634271099,0.17225063938618926,True,False,no_eligible_refinements,no_excess_demand,seen_but_not_refined,0.9488206497552292,0.0
1,goods_5x8,goods,5,5,8,0.9378109452736318,0.9626865671641791,0.9087893864013267,0.02487562189054726,-0.029021558872305175,-0.05389718076285244,11,6,3,25,0.6821069651741294,0.6632989220563847,0.1368499170812604,0.20320190713101163,0.1564369668246446,0.23228578199052136,False,False,no_eligible_refinements,no_excess_demand,refined_but_miscalibrated,0.9378109452736318,-140.0
1,goods_6x8,goods,6,6,8,0.9683734939759037,0.9683734939759037,0.9683734939759037,0.0,0.0,0.0,17,18,8,37,0.3731777108433734,0.41199457831325303,0.15091867469879525,0.19862590361445787,0.16390251880929022,0.2157140987896631,False,False,no_eligible_refinements,no_excess_demand,refined_but_miscalibrated,0.9683734939759037,0.0
1,goods_7x8,goods,7,7,8,0.9080141843971631,0.9385106382978723,0.9385106382978723,0.03049645390070921,0.03049645390070921,0.0,13,5,3,25,0.3086019858156029,0.24700567375886529,0.10841929078014181,0.15505390070921987,0.11752091020910206,0.16807041820418206,False,False,no_eligible_refinements,no_excess_demand,refined_but_miscalibrated,0.9385106382978723,0.0
1,goods_9x8,goods,9,9,8,0.8384661117717004,0.9215219976218787,0.9869203329369798,0.08305588585017831,0.1484542211652794,0.06539833531510109,39,5,13,23,0.25405112960760995,0.3330542211652795,0.13918549346016637,0.24531343638525557,0.15516304347826076,0.2734737539766701,False,False,no_eligible_refinements,no_excess_demand,refined_but_miscalibrated,0.9869203329369798,0.0
1,joint_10x10,joint,10,10,10,0.8401175938489371,0.8801447308909995,0.9294436906377205,0.0400271370420624,0.08932609678878334,0.04929895974672094,16,4,5,21,0.2525045228403437,0.7952713704206242,0.15978629579375844,0.3043464495703301,0.17424784217016026,0.3318914919852034,False,False,no_eligible_refinements,no_excess_demand,refined_but_miscalibrated,0.9294436906377205,0.0
1,joint_4x4,joint,4,4,4,1.0,1.0,1.0,0.0,0.0,0.0,12,9,4,37,0.01000938086303936,0.0,0.01000938086303936,0.0,-0.013187084813842063,0.0,True,True,no_eligible_refinements,no_excess_demand,no_failure_global,1.0,0.0
1,joint_5x5,joint,5,5,5,0.9455811928602526,0.9717022202873313,0.9717022202873313,0.02612102742707878,0.02612102742707878,0.0,7,2,2,25,0.48126164562472795,0.5933051806704398,0.09340095777100563,0.01864257727470619,0.12098801635415193,-0.024148879176653103,False,False,no_eligible_refinements,no_excess_demand,refined_but_miscalibrated,0.9717022202873313,0.0
1,joint_6x6,joint,6,6,6,1.0,1.0,1.0,0.0,0.0,0.0,17,19,8,37,0.004332814930015501,0.0045325038880249195,0.004332814930015501,0.0016883359253498861,-0.005927029039463817,0.0023095415381341913,True,True,no_eligible_refinements,no_excess_demand,no_failure_global,1.0,0.0
1,joint_7x7,joint,7,7,7,0.8423245614035088,0.9439327485380117,0.8737573099415205,0.10160818713450293,0.0314327485380117,-0.07017543859649122,13,5,3,22,0.10025877192982463,0.4048356725146199,0.025258771929824626,0.10176549707602339,-0.033939691582359384,-0.13674020233768786,False,False,no_eligible_refinements,no_excess_demand,refined_but_miscalibrated,0.8737573099415205,0.0
1,joint_9x9,joint,9,9,9,0.8384661117717004,0.8644470868014269,0.9869203329369798,0.025980975029726516,0.1484542211652794,0.12247324613555288,22,5,8,22,1.123426159334126,0.3330542211652795,0.08347372175980966,0.24531343638525557,0.09305593849416745,0.2734737539766701,False,False,no_eligible_refinements,no_excess_demand,refined_but_miscalibrated,0.9869203329369798,0.0
2,anchor_8x8,anchor,8,8,8,0.8740397350993377,1.0,1.0,0.12596026490066226,0.12596026490066226,0.0,58,39,24,34,0.04903390728476823,0.04147364238410599,0.04903390728476823,0.04147364238410599,0.06451829905890556,0.054570582084349985,True,True,no_eligible_refinements,no_excess_demand,no_failure_global,1.0,0.0
2,bidders_8x10,bidders,10,8,10,0.7770892018779343,0.8893896713615024,0.9107981220657277,0.11230046948356809,0.13370892018779346,0.021408450704225368,44,29,13,67,0.4994191549295775,0.9125256338028168,0.08574516431924879,0.088286384976526,0.10255907457322548,0.10559860736747549,False,False,no_eligible_refinements,no_excess_demand,seen_but_not_refined,0.9107981220657277,0.0
2,bidders_8x4,bidders,4,8,4,0.8638314998658438,0.8445130131473034,0.859270190501744,-0.019318486718540417,-0.004561309364099819,0.014757177354440598,56,49,22,34,0.2572640193184867,0.32479822913871736,0.12115884089079682,0.10688086933190229,-0.24675355191256818,-0.21767486338797803,False,False,no_eligible_refinements,no_excess_demand,unknown,0.8638314998658438,-34.0
2,bidders_8x5,bidders,5,8,5,0.8638314998658438,0.8445130131473034,0.859270190501744,-0.019318486718540417,-0.004561309364099819,0.014757177354440598,55,46,21,34,0.28642125033539045,0.35131365709686074,0.13555889455326,0.13025865307217593,-0.2719935397039031,-0.26135881561238206,False,False,no_eligible_refinements,no_excess_demand,unknown,0.8638314998658438,-34.0
2,bidders_8x6,bidders,6,8,6,0.8568211920529801,1.0,0.7913907284768212,0.14317880794701987,-0.06543046357615889,-0.20860927152317876,49,15,21,34,0.1833634437086092,0.46516900662251653,0.07506145695364226,0.13889986754966882,-0.13048906285977413,-0.24146764909049034,True,False,no_eligible_refinements,no_excess_demand,late_refinement_worsened_final_allocation,0.8568211920529801,-494.0
2,bidders_8x7,bidders,7,8,7,0.8475496688741722,0.8894039735099337,1.0,0.04185430463576156,0.15245033112582784,0.11059602649006628,54,44,20,34,0.4936127152317882,0.12212052980132453,0.11857271523178799,0.024984105960264794,-0.20613032466037284,-0.04343311075293557,False,True,no_eligible_refinements,no_excess_demand,no_failure_global,1.0,0.0
2,bidders_8x9,bidders,9,8,9,0.7770892018779343,0.8734272300469483,0.8340845070422536,0.09633802816901404,0.056995305164319277,-0.03934272300469477,65,36,24,46,0.5489432863849766,0.5896125821596243,0.044342347417840385,0.1186353051643192,-0.07756997371879108,-0.2075338370565045,False,False,no_eligible_refinements,no_excess_demand,seen_but_not_refined,0.8340845070422536,0.0
2,goods_10x8,goods,10,10,8,0.8191489361702128,0.8416075650118203,0.8262411347517731,0.022458628841607542,0.007092198581560294,-0.015366430260047248,15,11,5,31,0.42418132387706864,0.5506366430260048,0.13935295508274248,0.11401347517730498,0.19301342501637217,0.15791650294695483,False,False,no_eligible_refinements,no_excess_demand,seen_but_not_refined,0.8262411347517731,0.0
2,goods_4x8,goods,4,4,8,0.9452247191011236,0.9915730337078652,1.0,0.0463483146067416,0.0547752808988764,0.008426966292134797,11,10,3,37,0.4941769662921348,0.0005898876404494127,0.08352528089887638,0.0005898876404494127,0.10218213058419241,0.0007216494845360512,False,True,no_eligible_refinements,no_excess_demand,no_failure_global,1.0,0.0
2,goods_5x8,goods,5,5,8,0.9424460431654677,0.9946043165467626,1.0,0.05215827338129497,0.05755395683453235,0.0053956834532373765,21,16,8,35,0.2602122302158273,0.1071169064748201,0.11992446043165463,0.1071169064748201,0.14622368421052626,0.13060745614035082,False,True,no_eligible_refinements,no_excess_demand,no_failure_global,1.0,0.0
2,goods_6x8,goods,6,6,8,0.8438030560271647,0.9949066213921901,1.0,0.15110356536502545,0.15619694397283534,0.005093378607809895,26,19,8,30,0.3165212224108658,0.023388794567062856,0.18409337860780975,0.023388794567062856,0.22589791666666656,0.028700000000000045,False,True,no_eligible_refinements,no_excess_demand,no_failure_global,1.0,0.0
2,goods_7x8,goods,7,7,8,0.9823529411764705,0.9991596638655462,0.9991596638655462,0.01680672268907568,0.01680672268907568,0.0,24,15,10,30,0.3947243697478992,0.29315098039215676,0.0125585434173669,0.18390728291316513,0.01648915042294955,0.24146708348657578,False,False,no_eligible_refinements,no_excess_demand,refined_but_miscalibrated,0.9991596638655462,0.0
2,goods_9x8,goods,9,9,8,0.8407268170426065,0.9962406015037594,0.8665413533834586,0.15551378446115283,0.025814536340852068,-0.12969924812030076,80,47,29,30,0.24270852130325807,0.3338912280701753,0.14496416040100243,0.10388521303258133,0.19547380871916178,0.14008178438661692,False,False,no_eligible_refinements,no_excess_demand,refined_but_miscalibrated,0.8665413533834586,0.0
2,joint_10x10,joint,10,10,10,0.6297145328719723,0.8505190311418686,0.826946366782007,0.22080449826989623,0.19723183391003463,-0.023572664359861606,23,11,7,57,0.583137716262976,0.6573942906574395,0.179736678200692,0.21058217993079584,0.22117905045773892,0.259136682989142,False,False,no_eligible_refinements,no_excess_demand,refined_but_miscalibrated,0.826946366782007,0.0
2,joint_4x4,joint,4,4,4,0.7997032640949555,0.9540059347181009,0.9851632047477745,0.1543026706231454,0.185459940652819,0.03115727002967361,12,8,5,31,0.15578635014836795,0.0973483679525222,0.001483679525222552,0.02728071216617215,0.0020491803278688526,0.03767868852459023,False,False,no_eligible_refinements,no_excess_demand,unknown,0.9851632047477745,0.0
2,joint_5x5,joint,5,5,5,0.9590316573556797,1.0,1.0,0.040968342644320255,0.040968342644320255,0.0,18,16,5,34,0.06085437616387312,0.010242085661080074,0.04037020484171297,0.010242085661080074,-0.08165273069679799,0.02071563088512241,True,True,no_eligible_refinements,no_excess_demand,no_failure_global,1.0,0.0
2,joint_6x6,joint,6,6,6,0.8820033955857386,1.0,0.9830220713073005,0.11799660441426141,0.10101867572156187,-0.01697792869269954,18,16,7,28,0.11142886247877755,0.1980366723259762,0.05835042444821735,0.05372427843803051,-0.10093509544787084,-0.09293274596182076,True,False,no_eligible_refinements,no_excess_demand,seen_but_not_refined,0.9830220713073005,0.0
2,joint_7x7,joint,7,7,7,0.9865546218487395,0.9865546218487395,0.9865546218487395,0.0,0.0,0.0,34,19,11,30,0.41679915966386566,0.4346826330532213,0.034726330532213,0.05260980392156863,-0.06132723225327747,-0.09290972050457581,False,False,no_eligible_refinements,no_excess_demand,refined_but_miscalibrated,0.9865546218487395,0.0
2,joint_9x9,joint,9,9,9,0.9042418772563177,0.9624548736462094,0.9042418772563177,0.05821299638989175,0.0,-0.05821299638989175,23,3,8,61,0.24567851985559555,0.28677310469314077,0.10057599277978352,0.07071967509025276,0.17778908742820698,0.12501180599872375,False,False,no_eligible_refinements,no_excess_demand,seen_but_not_refined,0.9042418772563177,0.0
3,anchor_8x8,anchor,8,8,8,0.7521739130434782,0.9866459627329193,0.8726708074534162,0.23447204968944102,0.12049689440993794,-0.11397515527950308,19,5,4,31,0.4219745341614906,0.9546385093167701,0.20173850931677018,0.24250807453416157,0.24220656226696494,0.2911543624161075,False,False,no_eligible_refinements,no_excess_demand,refined_but_miscalibrated,0.8726708074534162,0.0
3,bidders_8x10,bidders,10,8,10,0.7381987577639751,0.9866459627329193,0.9642857142857143,0.24844720496894412,0.22608695652173916,-0.022360248447204967,23,7,6,31,0.4268754658385092,0.28142732919254654,0.19270527950310573,0.14926521739130436,0.23136129753915005,0.17920730797912007,False,False,no_eligible_refinements,no_excess_demand,refined_but_miscalibrated,0.9642857142857143,0.0
3,bidders_8x4,bidders,4,8,4,0.8297805642633229,0.8438871473354232,0.9858934169278997,0.014106583072100332,0.15611285266457675,0.14200626959247642,20,6,9,28,0.3800357366771161,0.16294200626959243,0.2088614420062696,0.12689184952978053,0.2962507781236105,0.17998443752779006,False,False,no_eligible_refinements,no_excess_demand,refined_but_miscalibrated,0.9858934169278997,0.0
3,bidders_8x5,bidders,5,8,5,0.9592476489028213,0.9858934169278997,0.9858934169278997,0.026645768025078342,0.026645768025078342,0.0,14,5,5,28,0.21258965517241382,0.16079467084639495,0.1765394984326019,0.12474451410658305,0.2504050689195198,0.17693863939528676,False,False,no_eligible_refinements,no_excess_demand,refined_but_miscalibrated,0.9858934169278997,0.0
3,bidders_8x6,bidders,6,8,6,0.8297805642633229,0.8438871473354232,0.9442006269592477,0.014106583072100332,0.11442006269592475,0.10031347962382442,15,6,5,28,0.4080614420062694,0.39522037617554834,0.1861178683385578,0.09450877742946699,0.26399110715873697,0.13405202312138717,False,False,no_eligible_refinements,no_excess_demand,refined_but_miscalibrated,0.9442006269592477,0.0
3,bidders_8x7,bidders,7,8,7,0.8726708074534162,1.0,0.9354037267080745,0.1273291925465838,0.06273291925465829,-0.06459627329192552,17,6,5,28,0.1629015527950311,0.5237186335403725,0.1629015527950311,0.22580869565217385,0.19557904548844152,0.27110514541387015,True,False,no_eligible_refinements,no_excess_demand,seen_but_not_refined,0.9354037267080745,0.0
3,bidders_8x9,bidders,9,8,9,0.7521739130434782,0.9866459627329193,0.9642857142857143,0.23447204968944102,0.21211180124223605,-0.022360248447204967,20,7,5,31,0.4219745341614906,0.28142732919254654,0.20173850931677018,0.14926521739130436,0.24220656226696494,0.17920730797912007,False,False,no_eligible_refinements,no_excess_demand,refined_but_miscalibrated,0.9642857142857143,0.0
3,goods_10x8,goods,10,10,8,0.554644495412844,0.8130733944954128,0.825,0.25842889908256883,0.27035550458715596,0.011926605504587129,38,33,17,28,0.5044334862385321,0.5130263761467891,0.17634633027522933,0.20739151376146775,0.24277549731607195,0.2855153141774548,False,False,no_eligible_refinements,no_excess_demand,refined_but_miscalibrated,0.825,0.0
3,goods_4x8,goods,4,4,8,0.8665279429250892,0.977705112960761,0.977705112960761,0.11117717003567185,0.11117717003567185,0.0,16,9,5,18,0.31880796670630207,0.30870095124851377,0.06672711058263979,0.07683412604042814,0.08147731397459175,0.09381851179673331,False,False,no_eligible_refinements,no_excess_demand,refined_but_miscalibrated,0.977705112960761,0.0
3,goods_5x8,goods,5,5,8,0.8883601756954612,1.0,1.0,0.11163982430453878,0.11163982430453878,0.0,12,7,4,37,0.07775256222547587,0.21467606149341145,0.07775256222547587,0.21467606149341145,0.09644494892167994,0.26628603859250854,True,True,no_eligible_refinements,no_excess_demand,no_failure_global,1.0,0.0
3,goods_6x8,goods,6,6,8,0.9227102485529451,0.9363295880149812,0.9863806605379639,0.013619339462036084,0.06367041198501877,0.05005107252298269,15,13,3,40,0.3834719101123596,0.2573561457269323,0.20257711950970364,0.156859039836568,0.2481622523461938,0.19215641293013563,False,False,no_eligible_refinements,no_excess_demand,seen_but_not_refined,0.9863806605379639,0.0
3,goods_7x8,goods,7,7,8,0.9688925081433225,0.9859934853420196,0.9688925081433225,0.017100977198697076,0.0,-0.017100977198697076,16,5,6,30,0.4261397394136807,0.5302172638436483,0.19405570032573297,0.2775657980456026,0.2311800543267366,0.3306662786185487,False,False,no_eligible_refinements,no_excess_demand,refined_but_miscalibrated,0.9688925081433225,0.0
3,goods_9x8,goods,9,9,8,0.9299191374663073,0.9973045822102425,0.9501347708894878,0.06738544474393526,0.020215633423180557,-0.047169811320754707,18,11,9,27,0.28560215633423175,0.4461824797843666,0.22091212938005386,0.24490485175202162,0.2637862890247827,0.29243546829739303,False,False,no_eligible_refinements,no_excess_demand,refined_but_miscalibrated,0.9501347708894878,0.0
3,joint_10x10,joint,10,10,10,0.6444954128440367,0.7656536697247707,0.7442660550458715,0.121158256880734,0.09977064220183485,-0.02138761467889916,50,22,18,28,0.6168337155963303,0.6703857798165138,0.23942775229357802,0.21988669724770635,0.32961951373539633,0.3027173981686137,False,False,no_eligible_refinements,no_excess_demand,refined_but_miscalibrated,0.7442660550458715,0.0
3,joint_4x4,joint,4,4,4,0.9661117717003567,0.9928656361474435,1.0,0.026753864447086828,0.03388822829964333,0.007134363852556502,13,9,5,16,0.13525564803804993,0.18232164090368608,0.04310344827586207,0.06738109393579075,0.06159728122344945,0.09629141886151235,False,True,no_eligible_refinements,no_excess_demand,no_failure_global,1.0,0.0
3,joint_5x5,joint,5,5,5,0.8883601756954612,1.0,1.0,0.11163982430453878,0.11163982430453878,0.0,10,10,3,31,0.09417532942898976,0.24528147877013173,0.09417532942898976,0.24528147877013173,0.1385498115239634,0.3608556812062466,True,True,no_eligible_refinements,no_excess_demand,no_failure_global,1.0,0.0
3,joint_6x6,joint,6,6,6,0.9710589036431733,1.0,0.9710589036431733,0.028941096356826734,0.0,-0.028941096356826734,17,12,4,34,0.05795539666326188,0.16833060946544082,0.037463738508682315,0.06503336738168189,0.054960539460539436,0.09540609390609375,True,False,no_eligible_refinements,no_excess_demand,seen_but_not_refined,0.9710589036431733,0.0
3,joint_7x7,joint,7,7,7,0.9591205211726385,0.9990228013029316,0.9835504885993486,0.03990228013029318,0.02442996742671011,-0.015472312703583069,18,7,6,25,0.4261397394136807,0.45529934853420195,0.19405570032573297,0.311084364820847,0.2311800543267366,0.37059720605355073,False,False,no_eligible_refinements,no_excess_demand,seen_but_not_refined,0.9835504885993486,0.0
3,joint_9x9,joint,9,9,9,0.9299191374663073,0.9973045822102425,0.9501347708894878,0.06738544474393526,0.020215633423180557,-0.047169811320754707,18,11,9,27,0.28560215633423175,0.4461824797843666,0.22091212938005386,0.24490485175202162,0.2637862890247827,0.29243546829739303,False,False,no_eligible_refinements,no_excess_demand,refined_but_miscalibrated,0.9501347708894878,0.0
4,anchor_8x8,anchor,8,8,8,0.883429054054054,0.9712837837837838,0.9712837837837838,0.08785472972972974,0.08785472972972974,0.0,17,11,5,55,0.38786317567567563,0.40678040540540533,0.11958277027027032,0.1385,0.13574880153403648,0.15722339405560884,False,False,no_eligible_refinements,no_excess_demand,refined_but_miscalibrated,0.9712837837837838,0.0
4,bidders_8x10,bidders,10,8,10,0.8819392917369308,0.9713322091062394,0.96964586846543,0.08939291736930866,0.08770657672849924,-0.001686340640809414,18,12,5,55,0.3974772344013491,0.42226475548060705,0.11248566610455311,0.1339005059021922,0.12705523809523808,0.15124380952380947,False,False,no_eligible_refinements,no_excess_demand,refined_but_miscalibrated,0.96964586846543,0.0
4,bidders_8x4,bidders,4,8,4,0.6863197026022305,0.922639405204461,0.9212267657992564,0.23631970260223045,0.23490706319702592,-0.00141263940520453,10,3,4,52,0.35566821561338297,0.3502230483271377,0.12005483271375464,0.11460966542750936,-0.2393356060325342,-0.22848037944195368,False,False,no_eligible_refinements,no_excess_demand,refined_but_miscalibrated,0.9212267657992564,0.0
4,bidders_8x5,bidders,5,8,5,0.6812546125461255,0.9144280442804428,0.9144280442804428,0.23317343173431726,0.23317343173431726,0.0,12,4,4,52,0.46321808118081176,0.4495000000000002,0.0849892988929889,0.07127121771217729,-0.15278848386347801,-0.12812696938538623,False,False,no_eligible_refinements,no_excess_demand,refined_but_miscalibrated,0.9144280442804428,0.0
4,bidders_8x6,bidders,6,8,6,0.6812546125461255,0.915830258302583,0.9144280442804428,0.2345756457564575,0.23317343173431726,-0.0014022140221402468,11,5,4,52,0.459970848708487,0.44765498154981564,0.0817420664206641,0.06942619926199278,-0.14646500710767282,-0.12439750074382655,False,False,no_eligible_refinements,no_excess_demand,refined_but_miscalibrated,0.9144280442804428,0.0
4,bidders_8x7,bidders,7,8,7,0.6812546125461255,0.9144280442804428,0.9144280442804428,0.23317343173431726,0.23317343173431726,0.0,12,6,4,52,0.4829158671586717,0.44302767527675296,0.1046870848708488,0.06479889298893006,-0.18497880941514003,-0.11449762013431602,False,False,no_eligible_refinements,no_excess_demand,refined_but_miscalibrated,0.9144280442804428,0.0
4,bidders_8x9,bidders,9,8,9,0.8819392917369308,0.9713322091062394,0.9679595278246206,0.08939291736930866,0.08602023608768983,-0.003372681281618828,18,14,5,55,0.3974772344013491,0.37359190556492405,0.11248566610455311,0.13535581787521075,0.12705523809523808,0.15288761904761902,False,False,no_eligible_refinements,no_excess_demand,refined_but_miscalibrated,0.9679595278246206,0.0
4,goods_10x8,goods,10,10,8,0.9160481927710843,0.9943775100401606,0.9927710843373494,0.07832931726907633,0.0767228915662651,-0.0016064257028112205,30,13,8,46,0.14504289156626518,0.16716497991967885,0.1023691566265061,0.05306634538152606,0.11732989643268134,0.06082172612197924,False,False,no_eligible_refinements,no_excess_demand,refined_but_miscalibrated,0.9927710843373494,0.0
4,goods_4x8,goods,4,4,8,0.9178532311062432,0.9252573932092005,0.9835706462212487,0.007404162102957357,0.0657174151150055,0.05831325301204815,14,4,6,75,0.38616429353778753,0.42195180722891557,0.035671412924425,0.07676013143483029,0.04071000000000004,0.08760250000000008,False,False,no_eligible_refinements,no_excess_demand,unknown,0.9835706462212487,0.0
4,goods_5x8,goods,5,5,8,0.8597194388777555,0.9869739478957916,0.8977955911823647,0.12725450901803614,0.038076152304609256,-0.08917835671342689,29,31,12,84,0.10983667334669339,0.2535070140280561,0.054491983967935864,0.003006012024048096,0.06236582568807338,0.0034403669724770644,False,False,no_eligible_refinements,no_excess_demand,refined_but_miscalibrated,0.8977955911823647,0.0
4,goods_6x8,goods,6,6,8,0.7356130268199234,0.9952107279693486,0.921455938697318,0.25959770114942526,0.18584291187739466,-0.07375478927203061,46,34,13,75,0.2284396551724136,1.0322528735632186,0.09322892720306508,0.003630268199233856,0.10766941746498812,-0.004192570632093792,False,False,no_eligible_refinements,no_excess_demand,seen_but_not_refined,0.921455938697318,0.0
4,goods_7x8,goods,7,7,8,0.7916093023255814,0.9069767441860465,0.906046511627907,0.1153674418604651,0.1144372093023256,-0.0009302325581395099,50,36,21,66,0.8439720930232557,0.8183423255813952,0.018969302325581403,0.03575627906976737,0.021833443970962985,0.04115505685346573,False,False,no_eligible_refinements,no_excess_demand,seen_but_not_refined,0.906046511627907,0.0
4,goods_9x8,goods,9,9,8,0.8468459657701711,0.9942950285248574,0.9942950285248574,0.14744906275468628,0.14744906275468628,0.0,36,15,12,55,0.1318953545232275,0.14398255908720464,0.08055061124694389,0.10160277098614516,0.09243451017068054,0.11659256488192668,False,False,no_eligible_refinements,no_excess_demand,refined_but_miscalibrated,0.9942950285248574,0.0
4,joint_10x10,joint,10,10,10,0.9145789895749799,1.0,0.9961908580593424,0.08542101042502015,0.08161186848436253,-0.0038091419406576232,33,13,10,46,0.13526944667201293,0.3262117080994387,0.08844987971130723,0.042856455493183794,0.10088909215641446,0.04888360393322679,True,False,no_eligible_refinements,no_excess_demand,refined_but_miscalibrated,0.9961908580593424,0.0
4,joint_4x4,joint,4,4,4,0.9355038759689923,1.0,0.9355038759689923,0.06449612403100768,0.0,-0.06449612403100768,7,5,3,37,0.02296234772978963,0.2791207087486157,0.02296234772978963,0.06481284606865995,0.04858702783766059,-0.13714031305651872,True,False,no_eligible_refinements,no_excess_demand,seen_but_not_refined,0.9355038759689923,0.0
4,joint_5x5,joint,5,5,5,0.9402666666666667,1.0,0.9402666666666667,0.059733333333333305,0.0,-0.059733333333333305,13,4,4,34,0.10894358974358972,0.40619487179487174,0.02114871794871793,0.09850256410256407,0.038114602587800334,-0.17752310536044355,True,False,no_eligible_refinements,no_excess_demand,unknown,0.9402666666666667,0.0
4,joint_6x6,joint,6,6,6,0.7766699314397649,0.8883251714005876,0.8883251714005876,0.11165523996082272,0.11165523996082272,0.0,21,17,8,55,0.4079696376101862,0.3913333986287953,0.11808325171400616,0.10144701273261529,-0.2192134259427621,-0.18832939379613847,False,False,no_eligible_refinements,no_excess_demand,seen_but_not_refined,0.8883251714005876,0.0
4,joint_7x7,joint,7,7,7,0.8599048525214082,0.9279352997145576,0.892464319695528,0.06803044719314932,0.03255946717411973,-0.035470980019029597,12,7,4,37,0.41620856327307343,0.4711920076117983,0.08319238820171282,0.11648068506184625,-0.1498512374031675,-0.2098121615136773,False,False,no_eligible_refinements,no_excess_demand,seen_but_not_refined,0.892464319695528,0.0
4,joint_9x9,joint,9,9,9,0.8454678600488201,1.0,0.9926769731489016,0.15453213995117987,0.14720911310008145,-0.007323026851098424,31,15,9,55,0.09273604556550046,0.14944393816110668,0.09273604556550046,0.10713311635476006,0.10589788617886184,0.12233830429732878,True,False,no_eligible_refinements,no_excess_demand,refined_but_miscalibrated,0.9926769731489016,0.0
