held_out_instance,pass,scale,score
0,1,0.5,0.3046229127861381
0,1,0.6,0.2906198672553096
0,1,0.7,0.28541311802077735
0,1,0.8,0.28379923755768527
0,1,0.9,0.2837552158073091
0,1,1.0,0.28878476077433524
0,1,1.1,0.2997722118860196
0,1,1.2000000000000002,0.22924836301760934
0,1,1.3,0.24975392447187283
0,1,1.4,0.2705363863002706
0,1,1.5,0.21689940216155965
0,1,1.6,0.23264916575122396
0,1,1.7000000000000002,0.28182066838608344
0,1,1.8,0.27904868134434885
0,1,1.9000000000000001,0.32969758734056975
0,1,2.0,0.34500127827690324
0,1,2.1,0.3522602204693144
0,1,2.2,0.38938562726423526
0,1,2.3,0.4095405335190438
0,1,2.4000000000000004,0.42833561170135287
0,1,2.5,0.4389029869947556
0,2,1.4,0.2705363863002706
0,2,1.41,0.27200528278683694
0,2,1.42,0.2729025617375
0,2,1.43,0.27340301529133765
0,2,1.44,0.27390346884517525
0,2,1.45,0.27440392239901296
0,2,1.46,0.23769372780470252
0,2,1.47,0.22352563550212837
0,2,1.48,0.22401368826231524
0,2,1.49,0.21721580447119662
0,2,1.5,0.21689940216155965
0,2,1.51,0.226026543617334
0,2,1.52,0.22675657622957093
0,2,1.53,0.22748660884180794
0,2,1.54,0.22821664145404494
0,2,1.55,0.22894667406628189
0,2,1.56,0.2296767066785189
0,2,1.57,0.214029424475941
0,2,1.58,0.2136599200511409
0,2,1.59,0.23186680451522979
0,2,1.6,0.23264916575122396
0,3,1.57,0.214029424475941
0,3,1.5710000000000002,0.23047974255197948
0,3,1.572,0.23055274581320326
0,3,1.573,0.23062574907442693
0,3,1.574,0.2306987523356506
0,3,1.5750000000000002,0.23077175559687432
0,3,1.576,0.230844758858098
0,3,1.577,0.23091776211932177
0,3,1.578,0.21373382093610085
0,3,1.5790000000000002,0.21369687049362096
0,3,1.58,0.2136599200511409
0,3,1.581,0.23120977516421648
0,3,1.582,0.2312827784254402
0,3,1.5830000000000002,0.23135578168666385
0,3,1.584,0.23142878494788768
0,3,1.585,0.2315017882091113
0,3,1.586,0.23157479147033497
0,3,1.5870000000000002,0.23164779473155864
0,3,1.588,0.23172079799278236
0,3,1.589,0.2317938012540061
0,3,1.59,0.23186680451522979
0,4,1.5790000000000002,0.21369687049362096
0,4,1.5791000000000002,0.23107106896789134
0,4,1.5792000000000002,0.2310783692940139
0,4,1.5793000000000001,0.23108566962013613
0,4,1.5794000000000001,0.23109296994625864
0,4,1.5795000000000001,0.2311002702723809
0,4,1.5796000000000001,0.21367470022813295
0,4,1.5797,0.23111487092462565
0,4,1.5798,0.231122171250748
0,4,1.5799,0.21366361509538898
0,4,1.58,0.2136599200511409
0,4,1.5801,0.23114407222911523
0,4,1.5802,0.23115137255523746
0,4,1.5803,0.2311586728813599
0,4,1.5804,0.23116597320748236
0,4,1.5805,0.2311732735336047
0,4,1.5806,0.23118057385972698
0,4,1.5807,0.23118787418584943
0,4,1.5808,0.23119517451197177
0,4,1.5809,0.2312024748380941
0,4,1.581,0.23120977516421648
1,1,0.5,0.3147704429417633
1,1,0.6,0.29546208988173467
1,1,0.7,0.2849500331180022
1,1,0.8,0.27803084512571
1,1,0.9,0.2726815158461337
1,1,1.0,0.27731222648671705
1,1,1.1,0.23626511053048568
1,1,1.2000000000000002,0.24263171836372674
1,1,1.3,0.24494058454466047
1,1,1.4,0.22404884765212918
1,1,1.5,0.1877155370498099
1,1,1.6,0.20000975013037417
1,1,1.7000000000000002,0.24217768334994672
1,1,1.8,0.2630821255981692
1,1,1.9000000000000001,0.2519304305230106
1,1,2.0,0.2625224362239943
1,1,2.1,0.27764716870218065
1,1,2.2,0.38254533499940396
1,1,2.3,0.40038568086145293
1,1,2.4000000000000004,0.42840268168066925
1,1,2.5,0.4586981646593444
1,2,1.4,0.22404884765212918
1,2,1.41,0.2148216771083742
1,2,1.42,0.21418655449490234
1,2,1.43,0.22369849070495987
1,2,1.44,0.22350454456207627
1,2,1.45,0.2122811866544868
1,2,1.46,0.17443541589286685
1,2,1.47,0.19143439802741533
1,2,1.48,0.18044720382183357
1,2,1.49,0.18678657930590734
1,2,1.5,0.1877155370498099
1,2,1.51,0.19842458738630497
1,2,1.52,0.18633543510842102
1,2,1.53,0.2024815769481841
1,2,1.54,0.20451007172912375
1,2,1.55,0.19109739003947504
1,2,1.56,0.19278274756551264
1,2,1.57,0.17828554660250226
1,2,1.58,0.17895086292856513
1,2,1.59,0.19819256814351704
1,2,1.6,0.20000975013037417
1,3,1.45,0.2122811866544868
1,3,1.451,0.21221767439313954
1,3,1.452,0.18971856844987522
1,3,1.4529999999999998,0.17510280264822295
1,3,1.454,0.17863014686835735
1,3,1.455,0.18616212071812122
1,3,1.456,0.17481677975307033
1,3,1.4569999999999999,0.19001222037843354
1,3,1.458,0.18600845076414507
1,3,1.459,0.17453075685791772
1,3,1.46,0.17443541589286685
1,3,1.4609999999999999,0.17434007492781609
1,3,1.462,0.17428066210647766
1,3,1.463,0.19047837514779317
1,3,1.464,0.1789678910213525
1,3,1.4649999999999999,0.1859193486160451
1,3,1.466,0.174210675491783
1,3,1.467,0.18597259060281543
1,3,1.468,0.19116124863323744
1,3,1.4689999999999999,0.19129782333032644
1,3,1.47,0.19143439802741533
1,4,1.4649999999999999,0.1859193486160451
1,4,1.4650999999999998,0.1907651820116798
1,4,1.4651999999999998,0.1742246728147219
1,4,1.4652999999999998,0.19079249695109757
1,4,1.4653999999999998,0.19080615442080642
1,4,1.4655,0.1859326591127375
1,4,1.4656,0.18593532121207598
1,4,1.4657,0.1859379833114145
1,4,1.4658,0.19086078429964196
1,4,1.4659,0.17421242515715052
1,4,1.466,0.174210675491783
1,4,1.4661,0.17916205082641565
1,4,1.4662,0.1791712965314188
1,4,1.4663,0.19092907164818643
1,4,1.4664,0.1791897879414248
1,4,1.4665,0.1742019271649463
1,4,1.4666000000000001,0.17920827935143083
1,4,1.4667000000000001,0.1859646043047999
1,4,1.4668,0.1792267707614367
1,4,1.4669,0.1910110164664398
1,4,1.467,0.18597259060281543
2,1,0.5,0.3114516269122259
2,1,0.6,0.30632748254869374
2,1,0.7,0.3012033381851616
2,1,0.8,0.29607919382162945
2,1,0.9,0.29095504945809725
2,1,1.0,0.3008845117321271
2,1,1.1,0.2632298891214714
2,1,1.2000000000000002,0.20801768765777798
2,1,1.3,0.20027266373342797
2,1,1.4,0.1797722717610386
2,1,1.5,0.17985415336934082
2,1,1.6,0.18835490840064695
2,1,1.7000000000000002,0.17858460712106952
2,1,1.8,0.1929823264990357
2,1,1.9000000000000001,0.282556767247663
2,1,2.0,0.30084804620420286
2,1,2.1,0.31163333550199906
2,1,2.2,0.41154967100145945
2,1,2.3,0.42389234780804336
2,1,2.4000000000000004,0.44196402039059096
2,1,2.5,0.46546831130410143
2,2,1.6,0.18835490840064695
2,2,1.61,0.19123979473305455
2,2,1.62,0.19461663832740891
2,2,1.6300000000000001,0.19686774595520015
2,2,1.6400000000000001,0.19743855541332653
2,2,1.6500000000000001,0.1976054981107288
2,2,1.6600000000000001,0.2004496322304936
2,2,1.6700000000000002,0.19970774112180387
2,2,1.6800000000000002,0.1990792286979213
2,2,1.6900000000000002,0.17710341088481726
2,2,1.7000000000000002,0.17858460712106952
2,2,1.7100000000000002,0.18056316722613475
2,2,1.7200000000000002,0.18197483390716376
2,2,1.7300000000000002,0.18338650058819275
2,2,1.7400000000000002,0.18479816726922174
2,2,1.7500000000000002,0.18620983395025073
2,2,1.7600000000000002,0.18798679743493266
2,2,1.7700000000000002,0.18936034920914893
2,2,1.7800000000000002,0.18981181707372952
2,2,1.7900000000000003,0.19122700375917187
2,2,1.8000000000000003,0.1929823264990359
2,3,1.6800000000000002,0.1990792286979213
2,3,1.681,0.17704931158726964
2,3,1.6820000000000002,0.19895352621314497
2,3,1.6830000000000003,0.1770613336533914
2,3,1.6840000000000002,0.17706734468645213
2,3,1.685,0.17707335571951302
2,3,1.6860000000000002,0.19870212124359174
2,3,1.6870000000000003,0.1770853777856347
2,3,1.6880000000000002,0.1985764187588154
2,3,1.689,0.1985135675164271
2,3,1.6900000000000002,0.17710341088481726
2,3,1.6910000000000003,0.19838786503165048
2,3,1.6920000000000002,0.17711543295093898
2,3,1.693,0.17716635416364057
2,3,1.6940000000000002,0.177329443847146
2,3,1.6950000000000003,0.1775386377261333
2,3,1.6960000000000002,0.1777478316051205
2,3,1.697,0.17795702548410783
2,3,1.6980000000000002,0.17816621936309499
2,3,1.6990000000000003,0.1783754132420824
2,3,1.7000000000000002,0.17858460712106952
2,4,1.6800000000000002,0.1990792286979213
2,4,1.6801000000000001,0.19907294357368255
2,4,1.6802000000000001,0.1990666584494437
2,4,1.6803000000000001,0.17704510386412695
2,4,1.6804000000000001,0.1770457049674331
2,4,1.6805,0.19904780307672734
2,4,1.6806,0.17704690717404514
2,4,1.6807,0.19903523282824964
2,4,1.6808,0.1770481093806575
2,4,1.6809,0.199022662579772
2,4,1.681,0.17704931158726964
2,4,1.6811,0.1770499126905756
2,4,1.6812,0.17705051379388184
2,4,1.6813,0.1770511148971878
2,4,1.6814,0.1989912369585778
2,4,1.6815,0.17705231710379998
2,4,1.6816,0.177052918207106
2,4,1.6817,0.17705351931041213
2,4,1.6818,0.17705412041371824
2,4,1.6819,0.17705472151702448
2,4,1.682,0.19895352621314474
all,1,0.5,0.31028166088004244
all,1,0.6,0.29746981322857935
all,1,0.7,0.2905221631079804
all,1,0.8,0.28596975883500825
all,1,0.9,0.28246392703718004
all,1,1.0,0.28899383299772646
all,1,1.1,0.26642240384599225
all,1,1.2000000000000002,0.2266325896797047
all,1,1.3,0.2316557242499871
all,1,1.4,0.2247858352378128
all,1,1.5,0.19482303086023678
all,1,1.6,0.2070046080940817
all,1,1.7000000000000002,0.23419431961903323
all,1,1.8,0.2450377111471846
all,1,1.9000000000000001,0.2880615950370811
all,1,2.0,0.30279058690170013
all,1,2.1,0.313846908224498
all,1,2.2,0.39449354442169954
all,1,2.3,0.4112728540628467
all,1,2.4000000000000004,0.4329007712575377
all,1,2.5,0.45435648765273373
all,2,1.4,0.2247858352378128
all,2,1.41,0.21991091643602279
all,2,1.42,0.22053727221814035
all,2,1.43,0.22766378361806058
all,2,1.44,0.22831970678268668
all,2,1.45,0.22162268877084226
all,2,1.46,0.19717739552297753
all,2,1.47,0.1961404686966789
all,2,1.48,0.18907179262373908
all,2,1.49,0.19375088432204496
all,2,1.5,0.19482303086023678
all,2,1.51,0.2021908732420362
all,2,1.52,0.19454887835559495
all,2,1.53,0.20573041288091842
all,2,1.54,0.20750018270035958
all,2,1.55,0.19897583487274187
all,2,1.56,0.20051684652224835
all,2,1.57,0.19126948584572281
all,2,1.58,0.19213047002857953
all,2,1.59,0.2053757134706955
all,2,1.6,0.2070046080940817
all,3,1.47,0.1961404686966789
all,3,1.471,0.19624838733175068
all,3,1.472,0.19635630596682255
all,3,1.4729999999999999,0.1884348128371884
all,3,1.474,0.19269097039746003
all,3,1.475,0.196680061872038
all,3,1.476,0.1846425556705085
all,3,1.4769999999999999,0.19689808493453131
all,3,1.478,0.18885794828191427
all,3,1.479,0.1929230676205827
all,3,1.48,0.18907179262373908
all,3,1.4809999999999999,0.18917871479465145
all,3,1.482,0.18928563696556383
all,3,1.483,0.197716088548241
all,3,1.484,0.18949948130738867
all,3,1.4849999999999999,0.19798875641947752
all,3,1.486,0.18971332564921345
all,3,1.487,0.18982216882827094
all,3,1.488,0.18997327418651988
all,3,1.4889999999999999,0.19364366966822583
all,3,1.49,0.19375088432204496
all,4,1.475,0.196680061872038
all,4,1.4751,0.19669085373554518
all,4,1.4752,0.19670164559905237
all,4,1.4753,0.19671243746255954
all,4,1.4754,0.1886232293260667
all,4,1.4755,0.18863108001310336
all,4,1.4756,0.196744813053081
all,4,1.4757,0.19274981787955114
all,4,1.4758,0.18464151479026253
all,4,1.4759,0.1846420352303855
all,4,1.476,0.1846425556705085
all,4,1.4761,0.19679877237061694
all,4,1.4762,0.18868603482235946
all,4,1.4763,0.19682035609763127
all,4,1.4764,0.19683114796113851
all,4,1.4765,0.1887095868834692
all,4,1.4766,0.1927809724288936
all,4,1.4767,0.19686352355166006
all,4,1.4768,0.18873313894457897
all,4,1.4768999999999999,0.18874098963161556
all,4,1.4769999999999999,0.19689808493453131
